"Date","AQS_SITE_ID","POC","Daily Mean PM2.5 Concentration","UNITS","DAILY_AQI_VALUE","DAILY_OBS_COUNT","PERCENT_COMPLETE","AQS_PARAMETER_CODE","AQS_PARAMETER_DESC","CBSA_CODE","CBSA_NAME","STATE_CODE","STATE","COUNTY_CODE","COUNTY","SITE_LATITUDE","SITE_LONGITUDE"
"01/01/2013","490353006","1","23","ug/m3 LC","74","1","100.0000","88101","PM2.5 - Local Conditions","41620","Salt Lake City, UT","49","Utah","035","Salt Lake","40.736389","-111.872222"
"01/02/2013","490353006","1","26.5","ug/m3 LC","81","1","100.0000","88101","PM2.5 - Local Conditions","41620","Salt Lake City, UT","49","Utah","035","Salt Lake","40.736389","-111.872222"
"01/03/2013","490353006","1","37.1","ug/m3 LC","105","1","100.0000","88101","PM2.5 - Local Conditions","41620","Salt Lake City, UT","49","Utah","035","Salt Lake","40.736389","-111.872222"
"01/04/2013","490353006","1","41.5","ug/m3 LC","116","1","100.0000","88101","PM2.5 - Local Conditions","41620","Salt Lake City, UT","49","Utah","035","Salt Lake","40.736389","-111.872222"
"01/05/2013","490353006","1","50.8","ug/m3 LC","139","1","100.0000","88101","PM2.5 - Local Conditions","41620","Salt Lake City, UT","49","Utah","035","Salt Lake","40.736389","-111.872222"
"01/06/2013","490353006","1","59","ug/m3 LC","153","1","100.0000","88101","PM2.5 - Local Conditions","41620","Salt Lake City, UT","49","Utah","035","Salt Lake","40.736389","-111.872222"
"01/07/2013","490353006","1","51.1","ug/m3 LC","139","1","100.0000","88101","PM2.5 - Local Conditions","41620","Salt Lake City, UT","49","Utah","035","Salt Lake","40.736389","-111.872222"
"01/08/2013","490353006","1","69.2","ug/m3 LC","158","1","100.0000","88101","PM2.5 - Local Conditions","41620","Salt Lake City, UT","49","Utah","035","Salt Lake","40.736389","-111.872222"
"01/09/2013","490353006","1","47.2","ug/m3 LC","130","1","100.0000","88101","PM2.5 - Local Conditions","41620","Salt Lake City, UT","49","Utah","035","Salt Lake","40.736389","-111.872222"
"01/10/2013","490353006","1","2.5","ug/m3 LC","10","1","100.0000","88101","PM2.5 - Local Conditions","41620","Salt Lake City, UT","49","Utah","035","Salt Lake","40.736389","-111.872222"
"01/11/2013","490353006","1","2.4","ug/m3 LC","10","1","100.0000","88101","PM2.5 - Local Conditions","41620","Salt Lake City, UT","49","Utah","035","Salt Lake","40.736389","-111.872222"
"01/12/2013","490353006","1","7.9","ug/m3 LC","33","1","100.0000","88101","PM2.5 - Local Conditions","41620","Salt Lake City, UT","49","Utah","035","Salt Lake","40.736389","-111.872222"
"01/13/2013","490353006","1","10","ug/m3 LC","42","1","100.0000","88101","PM2.5 - Local Conditions","41620","Salt Lake City, UT","49","Utah","035","Salt Lake","40.736389","-111.872222"
"01/14/2013","490353006","1","15.8","ug/m3 LC","59","1","100.0000","88101","PM2.5 - Local Conditions","41620","Salt Lake City, UT","49","Utah","035","Salt Lake","40.736389","-111.872222"
"01/15/2013","490353006","1","19.2","ug/m3 LC","66","1","100.0000","88101","PM2.5 - Local Conditions","41620","Salt Lake City, UT","49","Utah","035","Salt Lake","40.736389","-111.872222"
"01/16/2013","490353006","1","29.6","ug/m3 LC","88","1","100.0000","88101","PM2.5 - Local Conditions","41620","Salt Lake City, UT","49","Utah","035","Salt Lake","40.736389","-111.872222"
"01/17/2013","490353006","1","41.8","ug/m3 LC","117","1","100.0000","88101","PM2.5 - Local Conditions","41620","Salt Lake City, UT","49","Utah","035","Salt Lake","40.736389","-111.872222"
"01/18/2013","490353006","1","58.2","ug/m3 LC","152","1","100.0000","88101","PM2.5 - Local Conditions","41620","Salt Lake City, UT","49","Utah","035","Salt Lake","40.736389","-111.872222"
"01/19/2013","490353006","1","57.5","ug/m3 LC","152","1","100.0000","88101","PM2.5 - Local Conditions","41620","Salt Lake City, UT","49","Utah","035","Salt Lake","40.736389","-111.872222"
"01/20/2013","490353006","1","45.7","ug/m3 LC","126","1","100.0000","88101","PM2.5 - Local Conditions","41620","Salt Lake City, UT","49","Utah","035","Salt Lake","40.736389","-111.872222"
"01/21/2013","490353006","1","44.5","ug/m3 LC","123","1","100.0000","88101","PM2.5 - Local Conditions","41620","Salt Lake City, UT","49","Utah","035","Salt Lake","40.736389","-111.872222"
"01/22/2013","490353006","1","46.8","ug/m3 LC","129","1","100.0000","88101","PM2.5 - Local Conditions","41620","Salt Lake City, UT","49","Utah","035","Salt Lake","40.736389","-111.872222"
"01/23/2013","490353006","1","53.1","ug/m3 LC","144","1","100.0000","88101","PM2.5 - Local Conditions","41620","Salt Lake City, UT","49","Utah","035","Salt Lake","40.736389","-111.872222"
"01/24/2013","490353006","1","53.5","ug/m3 LC","145","1","100.0000","88101","PM2.5 - Local Conditions","41620","Salt Lake City, UT","49","Utah","035","Salt Lake","40.736389","-111.872222"
"01/25/2013","490353006","1","58.8","ug/m3 LC","153","1","100.0000","88101","PM2.5 - Local Conditions","41620","Salt Lake City, UT","49","Utah","035","Salt Lake","40.736389","-111.872222"
"01/26/2013","490353006","1","51.1","ug/m3 LC","139","1","100.0000","88101","PM2.5 - Local Conditions","41620","Salt Lake City, UT","49","Utah","035","Salt Lake","40.736389","-111.872222"
"01/27/2013","490353006","1","11","ug/m3 LC","46","1","100.0000","88101","PM2.5 - Local Conditions","41620","Salt Lake City, UT","49","Utah","035","Salt Lake","40.736389","-111.872222"
"01/28/2013","490353006","1","9.4","ug/m3 LC","39","1","100.0000","88101","PM2.5 - Local Conditions","41620","Salt Lake City, UT","49","Utah","035","Salt Lake","40.736389","-111.872222"
"01/29/2013","490353006","1","7.4","ug/m3 LC","31","1","100.0000","88101","PM2.5 - Local Conditions","41620","Salt Lake City, UT","49","Utah","035","Salt Lake","40.736389","-111.872222"
"01/30/2013","490353006","1","12.2","ug/m3 LC","51","1","100.0000","88101","PM2.5 - Local Conditions","41620","Salt Lake City, UT","49","Utah","035","Salt Lake","40.736389","-111.872222"
"01/31/2013","490353006","1","12.8","ug/m3 LC","52","1","100.0000","88101","PM2.5 - Local Conditions","41620","Salt Lake City, UT","49","Utah","035","Salt Lake","40.736389","-111.872222"
"02/01/2013","490353006","1","19.6","ug/m3 LC","67","1","100.0000","88101","PM2.5 - Local Conditions","41620","Salt Lake City, UT","49","Utah","035","Salt Lake","40.736389","-111.872222"
"02/02/2013","490353006","1","31","ug/m3 LC","91","1","100.0000","88101","PM2.5 - Local Conditions","41620","Salt Lake City, UT","49","Utah","035","Salt Lake","40.736389","-111.872222"
"02/03/2013","490353006","1","45.3","ug/m3 LC","125","1","100.0000","88101","PM2.5 - Local Conditions","41620","Salt Lake City, UT","49","Utah","035","Salt Lake","40.736389","-111.872222"
"02/04/2013","490353006","1","47.4","ug/m3 LC","130","1","100.0000","88101","PM2.5 - Local Conditions","41620","Salt Lake City, UT","49","Utah","035","Salt Lake","40.736389","-111.872222"
"02/05/2013","490353006","1","46","ug/m3 LC","127","1","100.0000","88101","PM2.5 - Local Conditions","41620","Salt Lake City, UT","49","Utah","035","Salt Lake","40.736389","-111.872222"
"02/06/2013","490353006","1","44.3","ug/m3 LC","123","1","100.0000","88101","PM2.5 - Local Conditions","41620","Salt Lake City, UT","49","Utah","035","Salt Lake","40.736389","-111.872222"
"02/07/2013","490353006","1","36.8","ug/m3 LC","104","1","100.0000","88101","PM2.5 - Local Conditions","41620","Salt Lake City, UT","49","Utah","035","Salt Lake","40.736389","-111.872222"
"02/08/2013","490353006","1","14.9","ug/m3 LC","57","1","100.0000","88101","PM2.5 - Local Conditions","41620","Salt Lake City, UT","49","Utah","035","Salt Lake","40.736389","-111.872222"
"02/09/2013","490353006","1","6.5","ug/m3 LC","27","1","100.0000","88101","PM2.5 - Local Conditions","41620","Salt Lake City, UT","49","Utah","035","Salt Lake","40.736389","-111.872222"
"02/10/2013","490353006","1","7.5","ug/m3 LC","31","1","100.0000","88101","PM2.5 - Local Conditions","41620","Salt Lake City, UT","49","Utah","035","Salt Lake","40.736389","-111.872222"
"02/11/2013","490353006","1","12.5","ug/m3 LC","52","1","100.0000","88101","PM2.5 - Local Conditions","41620","Salt Lake City, UT","49","Utah","035","Salt Lake","40.736389","-111.872222"
"02/12/2013","490353006","1","15.2","ug/m3 LC","58","1","100.0000","88101","PM2.5 - Local Conditions","41620","Salt Lake City, UT","49","Utah","035","Salt Lake","40.736389","-111.872222"
"02/13/2013","490353006","1","21.1","ug/m3 LC","70","1","100.0000","88101","PM2.5 - Local Conditions","41620","Salt Lake City, UT","49","Utah","035","Salt Lake","40.736389","-111.872222"
"02/14/2013","490353006","1","27.8","ug/m3 LC","84","1","100.0000","88101","PM2.5 - Local Conditions","41620","Salt Lake City, UT","49","Utah","035","Salt Lake","40.736389","-111.872222"
"02/15/2013","490353006","1","18.2","ug/m3 LC","64","1","100.0000","88101","PM2.5 - Local Conditions","41620","Salt Lake City, UT","49","Utah","035","Salt Lake","40.736389","-111.872222"
"02/16/2013","490353006","1","26.5","ug/m3 LC","81","1","100.0000","88101","PM2.5 - Local Conditions","41620","Salt Lake City, UT","49","Utah","035","Salt Lake","40.736389","-111.872222"
"02/17/2013","490353006","1","27.5","ug/m3 LC","83","1","100.0000","88101","PM2.5 - Local Conditions","41620","Salt Lake City, UT","49","Utah","035","Salt Lake","40.736389","-111.872222"
"02/18/2013","490353006","1","9.2","ug/m3 LC","38","1","100.0000","88101","PM2.5 - Local Conditions","41620","Salt Lake City, UT","49","Utah","035","Salt Lake","40.736389","-111.872222"
"02/19/2013","490353006","1","8.8","ug/m3 LC","37","1","100.0000","88101","PM2.5 - Local Conditions","41620","Salt Lake City, UT","49","Utah","035","Salt Lake","40.736389","-111.872222"
"02/20/2013","490353006","1","7","ug/m3 LC","29","1","100.0000","88101","PM2.5 - Local Conditions","41620","Salt Lake City, UT","49","Utah","035","Salt Lake","40.736389","-111.872222"
"02/21/2013","490353006","1","3","ug/m3 LC","13","1","100.0000","88101","PM2.5 - Local Conditions","41620","Salt Lake City, UT","49","Utah","035","Salt Lake","40.736389","-111.872222"
"02/22/2013","490353006","1","5.5","ug/m3 LC","23","1","100.0000","88101","PM2.5 - Local Conditions","41620","Salt Lake City, UT","49","Utah","035","Salt Lake","40.736389","-111.872222"
"02/23/2013","490353006","1","2.4","ug/m3 LC","10","1","100.0000","88101","PM2.5 - Local Conditions","41620","Salt Lake City, UT","49","Utah","035","Salt Lake","40.736389","-111.872222"
"02/24/2013","490353006","1","5.2","ug/m3 LC","22","1","100.0000","88101","PM2.5 - Local Conditions","41620","Salt Lake City, UT","49","Utah","035","Salt Lake","40.736389","-111.872222"
"02/25/2013","490353006","1","8.6","ug/m3 LC","36","1","100.0000","88101","PM2.5 - Local Conditions","41620","Salt Lake City, UT","49","Utah","035","Salt Lake","40.736389","-111.872222"
"02/26/2013","490353006","1","4.6","ug/m3 LC","19","1","100.0000","88101","PM2.5 - Local Conditions","41620","Salt Lake City, UT","49","Utah","035","Salt Lake","40.736389","-111.872222"
"02/27/2013","490353006","1","4.1","ug/m3 LC","17","1","100.0000","88101","PM2.5 - Local Conditions","41620","Salt Lake City, UT","49","Utah","035","Salt Lake","40.736389","-111.872222"
"02/28/2013","490353006","1","12.5","ug/m3 LC","52","1","100.0000","88101","PM2.5 - Local Conditions","41620","Salt Lake City, UT","49","Utah","035","Salt Lake","40.736389","-111.872222"
"03/01/2013","490353006","1","29.3","ug/m3 LC","87","1","100.0000","88101","PM2.5 - Local Conditions","41620","Salt Lake City, UT","49","Utah","035","Salt Lake","40.736389","-111.872222"
"03/02/2013","490353006","1","25.5","ug/m3 LC","79","1","100.0000","88101","PM2.5 - Local Conditions","41620","Salt Lake City, UT","49","Utah","035","Salt Lake","40.736389","-111.872222"
"03/03/2013","490353006","1","26","ug/m3 LC","80","1","100.0000","88101","PM2.5 - Local Conditions","41620","Salt Lake City, UT","49","Utah","035","Salt Lake","40.736389","-111.872222"
"03/04/2013","490353006","1","3.2","ug/m3 LC","13","1","100.0000","88101","PM2.5 - Local Conditions","41620","Salt Lake City, UT","49","Utah","035","Salt Lake","40.736389","-111.872222"
"03/05/2013","490353006","1","10.8","ug/m3 LC","45","1","100.0000","88101","PM2.5 - Local Conditions","41620","Salt Lake City, UT","49","Utah","035","Salt Lake","40.736389","-111.872222"
"03/07/2013","490353006","1","9","ug/m3 LC","38","1","100.0000","88101","PM2.5 - Local Conditions","41620","Salt Lake City, UT","49","Utah","035","Salt Lake","40.736389","-111.872222"
"03/08/2013","490353006","1","11.7","ug/m3 LC","49","1","100.0000","88101","PM2.5 - Local Conditions","41620","Salt Lake City, UT","49","Utah","035","Salt Lake","40.736389","-111.872222"
"03/09/2013","490353006","1","4.6","ug/m3 LC","19","1","100.0000","88101","PM2.5 - Local Conditions","41620","Salt Lake City, UT","49","Utah","035","Salt Lake","40.736389","-111.872222"
"03/11/2013","490353006","1","5.4","ug/m3 LC","23","1","100.0000","88101","PM2.5 - Local Conditions","41620","Salt Lake City, UT","49","Utah","035","Salt Lake","40.736389","-111.872222"
"03/12/2013","490353006","1","3.1","ug/m3 LC","13","1","100.0000","88101","PM2.5 - Local Conditions","41620","Salt Lake City, UT","49","Utah","035","Salt Lake","40.736389","-111.872222"
"03/13/2013","490353006","1","4.2","ug/m3 LC","18","1","100.0000","88101","PM2.5 - Local Conditions","41620","Salt Lake City, UT","49","Utah","035","Salt Lake","40.736389","-111.872222"
"03/14/2013","490353006","1","5.8","ug/m3 LC","24","1","100.0000","88101","PM2.5 - Local Conditions","41620","Salt Lake City, UT","49","Utah","035","Salt Lake","40.736389","-111.872222"
"03/15/2013","490353006","1","7.1","ug/m3 LC","30","1","100.0000","88101","PM2.5 - Local Conditions","41620","Salt Lake City, UT","49","Utah","035","Salt Lake","40.736389","-111.872222"
"03/16/2013","490353006","1","4.2","ug/m3 LC","18","1","100.0000","88101","PM2.5 - Local Conditions","41620","Salt Lake City, UT","49","Utah","035","Salt Lake","40.736389","-111.872222"
"03/17/2013","490353006","1","2.9","ug/m3 LC","12","1","100.0000","88101","PM2.5 - Local Conditions","41620","Salt Lake City, UT","49","Utah","035","Salt Lake","40.736389","-111.872222"
"03/18/2013","490353006","1","3.4","ug/m3 LC","14","1","100.0000","88101","PM2.5 - Local Conditions","41620","Salt Lake City, UT","49","Utah","035","Salt Lake","40.736389","-111.872222"
"03/19/2013","490353006","1","3","ug/m3 LC","13","1","100.0000","88101","PM2.5 - Local Conditions","41620","Salt Lake City, UT","49","Utah","035","Salt Lake","40.736389","-111.872222"
"03/20/2013","490353006","1","3.3","ug/m3 LC","14","1","100.0000","88101","PM2.5 - Local Conditions","41620","Salt Lake City, UT","49","Utah","035","Salt Lake","40.736389","-111.872222"
"03/21/2013","490353006","1","4.1","ug/m3 LC","17","1","100.0000","88101","PM2.5 - Local Conditions","41620","Salt Lake City, UT","49","Utah","035","Salt Lake","40.736389","-111.872222"
"03/22/2013","490353006","1","3.7","ug/m3 LC","15","1","100.0000","88101","PM2.5 - Local Conditions","41620","Salt Lake City, UT","49","Utah","035","Salt Lake","40.736389","-111.872222"
"03/23/2013","490353006","1","5.1","ug/m3 LC","21","1","100.0000","88101","PM2.5 - Local Conditions","41620","Salt Lake City, UT","49","Utah","035","Salt Lake","40.736389","-111.872222"
"03/24/2013","490353006","1","4","ug/m3 LC","17","1","100.0000","88101","PM2.5 - Local Conditions","41620","Salt Lake City, UT","49","Utah","035","Salt Lake","40.736389","-111.872222"
"03/25/2013","490353006","1","4","ug/m3 LC","17","1","100.0000","88101","PM2.5 - Local Conditions","41620","Salt Lake City, UT","49","Utah","035","Salt Lake","40.736389","-111.872222"
"03/26/2013","490353006","1","5.7","ug/m3 LC","24","1","100.0000","88101","PM2.5 - Local Conditions","41620","Salt Lake City, UT","49","Utah","035","Salt Lake","40.736389","-111.872222"
"03/27/2013","490353006","1","4.8","ug/m3 LC","20","1","100.0000","88101","PM2.5 - Local Conditions","41620","Salt Lake City, UT","49","Utah","035","Salt Lake","40.736389","-111.872222"
"03/28/2013","490353006","1","5.5","ug/m3 LC","23","1","100.0000","88101","PM2.5 - Local Conditions","41620","Salt Lake City, UT","49","Utah","035","Salt Lake","40.736389","-111.872222"
"03/29/2013","490353006","1","4.6","ug/m3 LC","19","1","100.0000","88101","PM2.5 - Local Conditions","41620","Salt Lake City, UT","49","Utah","035","Salt Lake","40.736389","-111.872222"
"03/30/2013","490353006","1","4.7","ug/m3 LC","20","1","100.0000","88101","PM2.5 - Local Conditions","41620","Salt Lake City, UT","49","Utah","035","Salt Lake","40.736389","-111.872222"
"03/31/2013","490353006","1","4.4","ug/m3 LC","18","1","100.0000","88101","PM2.5 - Local Conditions","41620","Salt Lake City, UT","49","Utah","035","Salt Lake","40.736389","-111.872222"
"04/01/2013","490353006","1","1.9","ug/m3 LC","8","1","100.0000","88101","PM2.5 - Local Conditions","41620","Salt Lake City, UT","49","Utah","035","Salt Lake","40.736389","-111.872222"
"04/02/2013","490353006","1","3.8","ug/m3 LC","16","1","100.0000","88101","PM2.5 - Local Conditions","41620","Salt Lake City, UT","49","Utah","035","Salt Lake","40.736389","-111.872222"
"04/03/2013","490353006","1","5.4","ug/m3 LC","23","1","100.0000","88101","PM2.5 - Local Conditions","41620","Salt Lake City, UT","49","Utah","035","Salt Lake","40.736389","-111.872222"
"04/04/2013","490353006","1","4.2","ug/m3 LC","18","1","100.0000","88101","PM2.5 - Local Conditions","41620","Salt Lake City, UT","49","Utah","035","Salt Lake","40.736389","-111.872222"
"04/05/2013","490353006","1","2","ug/m3 LC","8","1","100.0000","88101","PM2.5 - Local Conditions","41620","Salt Lake City, UT","49","Utah","035","Salt Lake","40.736389","-111.872222"
"04/06/2013","490353006","1","3.7","ug/m3 LC","15","1","100.0000","88101","PM2.5 - Local Conditions","41620","Salt Lake City, UT","49","Utah","035","Salt Lake","40.736389","-111.872222"
"04/07/2013","490353006","1","6.8","ug/m3 LC","28","1","100.0000","88101","PM2.5 - Local Conditions","41620","Salt Lake City, UT","49","Utah","035","Salt Lake","40.736389","-111.872222"
"04/08/2013","490353006","1","6.5","ug/m3 LC","27","1","100.0000","88101","PM2.5 - Local Conditions","41620","Salt Lake City, UT","49","Utah","035","Salt Lake","40.736389","-111.872222"
"04/09/2013","490353006","1","4.4","ug/m3 LC","18","1","100.0000","88101","PM2.5 - Local Conditions","41620","Salt Lake City, UT","49","Utah","035","Salt Lake","40.736389","-111.872222"
"04/10/2013","490353006","1","3.4","ug/m3 LC","14","1","100.0000","88101","PM2.5 - Local Conditions","41620","Salt Lake City, UT","49","Utah","035","Salt Lake","40.736389","-111.872222"
"04/11/2013","490353006","1","3.7","ug/m3 LC","15","1","100.0000","88101","PM2.5 - Local Conditions","41620","Salt Lake City, UT","49","Utah","035","Salt Lake","40.736389","-111.872222"
"04/12/2013","490353006","1","4.2","ug/m3 LC","18","1","100.0000","88101","PM2.5 - Local Conditions","41620","Salt Lake City, UT","49","Utah","035","Salt Lake","40.736389","-111.872222"
"04/13/2013","490353006","1","3.4","ug/m3 LC","14","1","100.0000","88101","PM2.5 - Local Conditions","41620","Salt Lake City, UT","49","Utah","035","Salt Lake","40.736389","-111.872222"
"04/14/2013","490353006","1","1","ug/m3 LC","4","1","100.0000","88101","PM2.5 - Local Conditions","41620","Salt Lake City, UT","49","Utah","035","Salt Lake","40.736389","-111.872222"
"04/15/2013","490353006","1","3","ug/m3 LC","13","1","100.0000","88101","PM2.5 - Local Conditions","41620","Salt Lake City, UT","49","Utah","035","Salt Lake","40.736389","-111.872222"
"04/16/2013","490353006","1","2.2","ug/m3 LC","9","1","100.0000","88101","PM2.5 - Local Conditions","41620","Salt Lake City, UT","49","Utah","035","Salt Lake","40.736389","-111.872222"
"04/17/2013","490353006","1","1.6","ug/m3 LC","7","1","100.0000","88101","PM2.5 - Local Conditions","41620","Salt Lake City, UT","49","Utah","035","Salt Lake","40.736389","-111.872222"
"04/18/2013","490353006","1","3.2","ug/m3 LC","13","1","100.0000","88101","PM2.5 - Local Conditions","41620","Salt Lake City, UT","49","Utah","035","Salt Lake","40.736389","-111.872222"
"04/19/2013","490353006","1","3.5","ug/m3 LC","15","1","100.0000","88101","PM2.5 - Local Conditions","41620","Salt Lake City, UT","49","Utah","035","Salt Lake","40.736389","-111.872222"
"04/20/2013","490353006","1","3","ug/m3 LC","13","1","100.0000","88101","PM2.5 - Local Conditions","41620","Salt Lake City, UT","49","Utah","035","Salt Lake","40.736389","-111.872222"
"04/21/2013","490353006","1","3.5","ug/m3 LC","15","1","100.0000","88101","PM2.5 - Local Conditions","41620","Salt Lake City, UT","49","Utah","035","Salt Lake","40.736389","-111.872222"
"04/22/2013","490353006","1","3.8","ug/m3 LC","16","1","100.0000","88101","PM2.5 - Local Conditions","41620","Salt Lake City, UT","49","Utah","035","Salt Lake","40.736389","-111.872222"
"04/23/2013","490353006","1","3.1","ug/m3 LC","13","1","100.0000","88101","PM2.5 - Local Conditions","41620","Salt Lake City, UT","49","Utah","035","Salt Lake","40.736389","-111.872222"
"04/24/2013","490353006","1","4.7","ug/m3 LC","20","1","100.0000","88101","PM2.5 - Local Conditions","41620","Salt Lake City, UT","49","Utah","035","Salt Lake","40.736389","-111.872222"
"04/25/2013","490353006","1","7.5","ug/m3 LC","31","1","100.0000","88101","PM2.5 - Local Conditions","41620","Salt Lake City, UT","49","Utah","035","Salt Lake","40.736389","-111.872222"
"04/26/2013","490353006","1","7.5","ug/m3 LC","31","1","100.0000","88101","PM2.5 - Local Conditions","41620","Salt Lake City, UT","49","Utah","035","Salt Lake","40.736389","-111.872222"
"04/27/2013","490353006","1","6.5","ug/m3 LC","27","1","100.0000","88101","PM2.5 - Local Conditions","41620","Salt Lake City, UT","49","Utah","035","Salt Lake","40.736389","-111.872222"
"04/28/2013","490353006","1","6.2","ug/m3 LC","26","1","100.0000","88101","PM2.5 - Local Conditions","41620","Salt Lake City, UT","49","Utah","035","Salt Lake","40.736389","-111.872222"
"04/29/2013","490353006","1","5.1","ug/m3 LC","21","1","100.0000","88101","PM2.5 - Local Conditions","41620","Salt Lake City, UT","49","Utah","035","Salt Lake","40.736389","-111.872222"
"04/30/2013","490353006","1","2","ug/m3 LC","8","1","100.0000","88101","PM2.5 - Local Conditions","41620","Salt Lake City, UT","49","Utah","035","Salt Lake","40.736389","-111.872222"
"05/01/2013","490353006","1","0.4","ug/m3 LC","2","1","100.0000","88101","PM2.5 - Local Conditions","41620","Salt Lake City, UT","49","Utah","035","Salt Lake","40.736389","-111.872222"
"05/02/2013","490353006","1","2","ug/m3 LC","8","1","100.0000","88101","PM2.5 - Local Conditions","41620","Salt Lake City, UT","49","Utah","035","Salt Lake","40.736389","-111.872222"
"05/03/2013","490353006","1","4","ug/m3 LC","17","1","100.0000","88101","PM2.5 - Local Conditions","41620","Salt Lake City, UT","49","Utah","035","Salt Lake","40.736389","-111.872222"
"05/04/2013","490353006","1","0.6","ug/m3 LC","3","1","100.0000","88101","PM2.5 - Local Conditions","41620","Salt Lake City, UT","49","Utah","035","Salt Lake","40.736389","-111.872222"
"05/05/2013","490353006","1","4.5","ug/m3 LC","19","1","100.0000","88101","PM2.5 - Local Conditions","41620","Salt Lake City, UT","49","Utah","035","Salt Lake","40.736389","-111.872222"
"05/06/2013","490353006","1","6.2","ug/m3 LC","26","1","100.0000","88101","PM2.5 - Local Conditions","41620","Salt Lake City, UT","49","Utah","035","Salt Lake","40.736389","-111.872222"
"05/07/2013","490353006","1","5.3","ug/m3 LC","22","1","100.0000","88101","PM2.5 - Local Conditions","41620","Salt Lake City, UT","49","Utah","035","Salt Lake","40.736389","-111.872222"
"05/08/2013","490353006","1","4.5","ug/m3 LC","19","1","100.0000","88101","PM2.5 - Local Conditions","41620","Salt Lake City, UT","49","Utah","035","Salt Lake","40.736389","-111.872222"
"05/09/2013","490353006","1","4.5","ug/m3 LC","19","1","100.0000","88101","PM2.5 - Local Conditions","41620","Salt Lake City, UT","49","Utah","035","Salt Lake","40.736389","-111.872222"
"05/10/2013","490353006","1","7.5","ug/m3 LC","31","1","100.0000","88101","PM2.5 - Local Conditions","41620","Salt Lake City, UT","49","Utah","035","Salt Lake","40.736389","-111.872222"
"05/11/2013","490353006","1","5.9","ug/m3 LC","25","1","100.0000","88101","PM2.5 - Local Conditions","41620","Salt Lake City, UT","49","Utah","035","Salt Lake","40.736389","-111.872222"
"05/12/2013","490353006","1","7.9","ug/m3 LC","33","1","100.0000","88101","PM2.5 - Local Conditions","41620","Salt Lake City, UT","49","Utah","035","Salt Lake","40.736389","-111.872222"
"05/13/2013","490353006","1","6.2","ug/m3 LC","26","1","100.0000","88101","PM2.5 - Local Conditions","41620","Salt Lake City, UT","49","Utah","035","Salt Lake","40.736389","-111.872222"
"05/14/2013","490353006","1","5.7","ug/m3 LC","24","1","100.0000","88101","PM2.5 - Local Conditions","41620","Salt Lake City, UT","49","Utah","035","Salt Lake","40.736389","-111.872222"
"05/15/2013","490353006","1","5.3","ug/m3 LC","22","1","100.0000","88101","PM2.5 - Local Conditions","41620","Salt Lake City, UT","49","Utah","035","Salt Lake","40.736389","-111.872222"
"05/16/2013","490353006","1","5.1","ug/m3 LC","21","1","100.0000","88101","PM2.5 - Local Conditions","41620","Salt Lake City, UT","49","Utah","035","Salt Lake","40.736389","-111.872222"
"05/17/2013","490353006","1","5.4","ug/m3 LC","23","1","100.0000","88101","PM2.5 - Local Conditions","41620","Salt Lake City, UT","49","Utah","035","Salt Lake","40.736389","-111.872222"
"05/18/2013","490353006","1","1.5","ug/m3 LC","6","1","100.0000","88101","PM2.5 - Local Conditions","41620","Salt Lake City, UT","49","Utah","035","Salt Lake","40.736389","-111.872222"
"05/19/2013","490353006","1","3","ug/m3 LC","13","1","100.0000","88101","PM2.5 - Local Conditions","41620","Salt Lake City, UT","49","Utah","035","Salt Lake","40.736389","-111.872222"
"05/20/2013","490353006","1","2.5","ug/m3 LC","10","1","100.0000","88101","PM2.5 - Local Conditions","41620","Salt Lake City, UT","49","Utah","035","Salt Lake","40.736389","-111.872222"
"05/21/2013","490353006","1","3.3","ug/m3 LC","14","1","100.0000","88101","PM2.5 - Local Conditions","41620","Salt Lake City, UT","49","Utah","035","Salt Lake","40.736389","-111.872222"
"05/22/2013","490353006","1","5.7","ug/m3 LC","24","1","100.0000","88101","PM2.5 - Local Conditions","41620","Salt Lake City, UT","49","Utah","035","Salt Lake","40.736389","-111.872222"
"05/23/2013","490353006","1","6.4","ug/m3 LC","27","1","100.0000","88101","PM2.5 - Local Conditions","41620","Salt Lake City, UT","49","Utah","035","Salt Lake","40.736389","-111.872222"
"05/24/2013","490353006","1","5","ug/m3 LC","21","1","100.0000","88101","PM2.5 - Local Conditions","41620","Salt Lake City, UT","49","Utah","035","Salt Lake","40.736389","-111.872222"
"05/25/2013","490353006","1","8","ug/m3 LC","33","1","100.0000","88101","PM2.5 - Local Conditions","41620","Salt Lake City, UT","49","Utah","035","Salt Lake","40.736389","-111.872222"
"05/26/2013","490353006","1","6.2","ug/m3 LC","26","1","100.0000","88101","PM2.5 - Local Conditions","41620","Salt Lake City, UT","49","Utah","035","Salt Lake","40.736389","-111.872222"
"05/27/2013","490353006","1","5.6","ug/m3 LC","23","1","100.0000","88101","PM2.5 - Local Conditions","41620","Salt Lake City, UT","49","Utah","035","Salt Lake","40.736389","-111.872222"
"05/28/2013","490353006","1","3","ug/m3 LC","13","1","100.0000","88101","PM2.5 - Local Conditions","41620","Salt Lake City, UT","49","Utah","035","Salt Lake","40.736389","-111.872222"
"05/29/2013","490353006","1","3.4","ug/m3 LC","14","1","100.0000","88101","PM2.5 - Local Conditions","41620","Salt Lake City, UT","49","Utah","035","Salt Lake","40.736389","-111.872222"
"05/30/2013","490353006","1","4.2","ug/m3 LC","18","1","100.0000","88101","PM2.5 - Local Conditions","41620","Salt Lake City, UT","49","Utah","035","Salt Lake","40.736389","-111.872222"
"05/31/2013","490353006","1","3.6","ug/m3 LC","15","1","100.0000","88101","PM2.5 - Local Conditions","41620","Salt Lake City, UT","49","Utah","035","Salt Lake","40.736389","-111.872222"
"06/01/2013","490353006","1","3.6","ug/m3 LC","15","1","100.0000","88101","PM2.5 - Local Conditions","41620","Salt Lake City, UT","49","Utah","035","Salt Lake","40.736389","-111.872222"
"06/02/2013","490353006","1","4.4","ug/m3 LC","18","1","100.0000","88101","PM2.5 - Local Conditions","41620","Salt Lake City, UT","49","Utah","035","Salt Lake","40.736389","-111.872222"
"06/03/2013","490353006","1","3.3","ug/m3 LC","14","1","100.0000","88101","PM2.5 - Local Conditions","41620","Salt Lake City, UT","49","Utah","035","Salt Lake","40.736389","-111.872222"
"06/04/2013","490353006","1","3.9","ug/m3 LC","16","1","100.0000","88101","PM2.5 - Local Conditions","41620","Salt Lake City, UT","49","Utah","035","Salt Lake","40.736389","-111.872222"
"06/08/2013","490353006","1","3.8","ug/m3 LC","16","1","100.0000","88101","PM2.5 - Local Conditions","41620","Salt Lake City, UT","49","Utah","035","Salt Lake","40.736389","-111.872222"
"06/09/2013","490353006","1","5.3","ug/m3 LC","22","1","100.0000","88101","PM2.5 - Local Conditions","41620","Salt Lake City, UT","49","Utah","035","Salt Lake","40.736389","-111.872222"
"06/10/2013","490353006","1","6.1","ug/m3 LC","25","1","100.0000","88101","PM2.5 - Local Conditions","41620","Salt Lake City, UT","49","Utah","035","Salt Lake","40.736389","-111.872222"
"06/11/2013","490353006","1","8.5","ug/m3 LC","35","1","100.0000","88101","PM2.5 - Local Conditions","41620","Salt Lake City, UT","49","Utah","035","Salt Lake","40.736389","-111.872222"
"06/14/2013","490353006","1","3.7","ug/m3 LC","15","1","100.0000","88101","PM2.5 - Local Conditions","41620","Salt Lake City, UT","49","Utah","035","Salt Lake","40.736389","-111.872222"
"06/18/2013","490353006","1","5","ug/m3 LC","21","1","100.0000","88101","PM2.5 - Local Conditions","41620","Salt Lake City, UT","49","Utah","035","Salt Lake","40.736389","-111.872222"
"06/20/2013","490353006","1","4.2","ug/m3 LC","18","1","100.0000","88101","PM2.5 - Local Conditions","41620","Salt Lake City, UT","49","Utah","035","Salt Lake","40.736389","-111.872222"
"06/21/2013","490353006","1","3.7","ug/m3 LC","15","1","100.0000","88101","PM2.5 - Local Conditions","41620","Salt Lake City, UT","49","Utah","035","Salt Lake","40.736389","-111.872222"
"06/22/2013","490353006","1","2.3","ug/m3 LC","10","1","100.0000","88101","PM2.5 - Local Conditions","41620","Salt Lake City, UT","49","Utah","035","Salt Lake","40.736389","-111.872222"
"06/23/2013","490353006","1","3.8","ug/m3 LC","16","1","100.0000","88101","PM2.5 - Local Conditions","41620","Salt Lake City, UT","49","Utah","035","Salt Lake","40.736389","-111.872222"
"06/24/2013","490353006","1","4.5","ug/m3 LC","19","1","100.0000","88101","PM2.5 - Local Conditions","41620","Salt Lake City, UT","49","Utah","035","Salt Lake","40.736389","-111.872222"
"06/25/2013","490353006","1","3.6","ug/m3 LC","15","1","100.0000","88101","PM2.5 - Local Conditions","41620","Salt Lake City, UT","49","Utah","035","Salt Lake","40.736389","-111.872222"
"06/26/2013","490353006","1","4.7","ug/m3 LC","20","1","100.0000","88101","PM2.5 - Local Conditions","41620","Salt Lake City, UT","49","Utah","035","Salt Lake","40.736389","-111.872222"
"06/27/2013","490353006","1","5.5","ug/m3 LC","23","1","100.0000","88101","PM2.5 - Local Conditions","41620","Salt Lake City, UT","49","Utah","035","Salt Lake","40.736389","-111.872222"
"06/28/2013","490353006","1","5.4","ug/m3 LC","23","1","100.0000","88101","PM2.5 - Local Conditions","41620","Salt Lake City, UT","49","Utah","035","Salt Lake","40.736389","-111.872222"
"06/29/2013","490353006","1","5.4","ug/m3 LC","23","1","100.0000","88101","PM2.5 - Local Conditions","41620","Salt Lake City, UT","49","Utah","035","Salt Lake","40.736389","-111.872222"
"06/30/2013","490353006","1","4.8","ug/m3 LC","20","1","100.0000","88101","PM2.5 - Local Conditions","41620","Salt Lake City, UT","49","Utah","035","Salt Lake","40.736389","-111.872222"
"07/01/2013","490353006","1","5","ug/m3 LC","21","1","100.0000","88101","PM2.5 - Local Conditions","41620","Salt Lake City, UT","49","Utah","035","Salt Lake","40.736389","-111.872222"
"07/02/2013","490353006","1","6.7","ug/m3 LC","28","1","100.0000","88101","PM2.5 - Local Conditions","41620","Salt Lake City, UT","49","Utah","035","Salt Lake","40.736389","-111.872222"
"07/03/2013","490353006","1","7.7","ug/m3 LC","32","1","100.0000","88101","PM2.5 - Local Conditions","41620","Salt Lake City, UT","49","Utah","035","Salt Lake","40.736389","-111.872222"
"07/04/2013","490353006","1","12.9","ug/m3 LC","53","1","100.0000","88101","PM2.5 - Local Conditions","41620","Salt Lake City, UT","49","Utah","035","Salt Lake","40.736389","-111.872222"
"07/05/2013","490353006","1","8.3","ug/m3 LC","35","1","100.0000","88101","PM2.5 - Local Conditions","41620","Salt Lake City, UT","49","Utah","035","Salt Lake","40.736389","-111.872222"
"07/06/2013","490353006","1","5.3","ug/m3 LC","22","1","100.0000","88101","PM2.5 - Local Conditions","41620","Salt Lake City, UT","49","Utah","035","Salt Lake","40.736389","-111.872222"
"07/09/2013","490353006","1","9.3","ug/m3 LC","39","1","100.0000","88101","PM2.5 - Local Conditions","41620","Salt Lake City, UT","49","Utah","035","Salt Lake","40.736389","-111.872222"
"07/10/2013","490353006","1","16.8","ug/m3 LC","61","1","100.0000","88101","PM2.5 - Local Conditions","41620","Salt Lake City, UT","49","Utah","035","Salt Lake","40.736389","-111.872222"
"07/11/2013","490353006","1","19.9","ug/m3 LC","67","1","100.0000","88101","PM2.5 - Local Conditions","41620","Salt Lake City, UT","49","Utah","035","Salt Lake","40.736389","-111.872222"
"07/12/2013","490353006","1","5.5","ug/m3 LC","23","1","100.0000","88101","PM2.5 - Local Conditions","41620","Salt Lake City, UT","49","Utah","035","Salt Lake","40.736389","-111.872222"
"07/13/2013","490353006","1","3.7","ug/m3 LC","15","1","100.0000","88101","PM2.5 - Local Conditions","41620","Salt Lake City, UT","49","Utah","035","Salt Lake","40.736389","-111.872222"
"07/14/2013","490353006","1","3.8","ug/m3 LC","16","1","100.0000","88101","PM2.5 - Local Conditions","41620","Salt Lake City, UT","49","Utah","035","Salt Lake","40.736389","-111.872222"
"07/15/2013","490353006","1","5.1","ug/m3 LC","21","1","100.0000","88101","PM2.5 - Local Conditions","41620","Salt Lake City, UT","49","Utah","035","Salt Lake","40.736389","-111.872222"
"07/16/2013","490353006","1","4","ug/m3 LC","17","1","100.0000","88101","PM2.5 - Local Conditions","41620","Salt Lake City, UT","49","Utah","035","Salt Lake","40.736389","-111.872222"
"07/17/2013","490353006","1","4.3","ug/m3 LC","18","1","100.0000","88101","PM2.5 - Local Conditions","41620","Salt Lake City, UT","49","Utah","035","Salt Lake","40.736389","-111.872222"
"07/18/2013","490353006","1","5.8","ug/m3 LC","24","1","100.0000","88101","PM2.5 - Local Conditions","41620","Salt Lake City, UT","49","Utah","035","Salt Lake","40.736389","-111.872222"
"07/19/2013","490353006","1","9.3","ug/m3 LC","39","1","100.0000","88101","PM2.5 - Local Conditions","41620","Salt Lake City, UT","49","Utah","035","Salt Lake","40.736389","-111.872222"
"07/20/2013","490353006","1","8","ug/m3 LC","33","1","100.0000","88101","PM2.5 - Local Conditions","41620","Salt Lake City, UT","49","Utah","035","Salt Lake","40.736389","-111.872222"
"07/21/2013","490353006","1","7.4","ug/m3 LC","31","1","100.0000","88101","PM2.5 - Local Conditions","41620","Salt Lake City, UT","49","Utah","035","Salt Lake","40.736389","-111.872222"
"07/22/2013","490353006","1","6.7","ug/m3 LC","28","1","100.0000","88101","PM2.5 - Local Conditions","41620","Salt Lake City, UT","49","Utah","035","Salt Lake","40.736389","-111.872222"
"07/23/2013","490353006","1","6.4","ug/m3 LC","27","1","100.0000","88101","PM2.5 - Local Conditions","41620","Salt Lake City, UT","49","Utah","035","Salt Lake","40.736389","-111.872222"
"07/24/2013","490353006","1","9","ug/m3 LC","38","1","100.0000","88101","PM2.5 - Local Conditions","41620","Salt Lake City, UT","49","Utah","035","Salt Lake","40.736389","-111.872222"
"07/25/2013","490353006","1","7.1","ug/m3 LC","30","1","100.0000","88101","PM2.5 - Local Conditions","41620","Salt Lake City, UT","49","Utah","035","Salt Lake","40.736389","-111.872222"
"07/26/2013","490353006","1","7.5","ug/m3 LC","31","1","100.0000","88101","PM2.5 - Local Conditions","41620","Salt Lake City, UT","49","Utah","035","Salt Lake","40.736389","-111.872222"
"07/27/2013","490353006","1","7.1","ug/m3 LC","30","1","100.0000","88101","PM2.5 - Local Conditions","41620","Salt Lake City, UT","49","Utah","035","Salt Lake","40.736389","-111.872222"
"07/28/2013","490353006","1","5.1","ug/m3 LC","21","1","100.0000","88101","PM2.5 - Local Conditions","41620","Salt Lake City, UT","49","Utah","035","Salt Lake","40.736389","-111.872222"
"07/29/2013","490353006","1","6.4","ug/m3 LC","27","1","100.0000","88101","PM2.5 - Local Conditions","41620","Salt Lake City, UT","49","Utah","035","Salt Lake","40.736389","-111.872222"
"07/30/2013","490353006","1","4","ug/m3 LC","17","1","100.0000","88101","PM2.5 - Local Conditions","41620","Salt Lake City, UT","49","Utah","035","Salt Lake","40.736389","-111.872222"
"07/31/2013","490353006","1","3.3","ug/m3 LC","14","1","100.0000","88101","PM2.5 - Local Conditions","41620","Salt Lake City, UT","49","Utah","035","Salt Lake","40.736389","-111.872222"
"08/01/2013","490353006","1","4.1","ug/m3 LC","17","1","100.0000","88101","PM2.5 - Local Conditions","41620","Salt Lake City, UT","49","Utah","035","Salt Lake","40.736389","-111.872222"
"08/02/2013","490353006","1","8.8","ug/m3 LC","37","1","100.0000","88101","PM2.5 - Local Conditions","41620","Salt Lake City, UT","49","Utah","035","Salt Lake","40.736389","-111.872222"
"08/03/2013","490353006","1","2.8","ug/m3 LC","12","1","100.0000","88101","PM2.5 - Local Conditions","41620","Salt Lake City, UT","49","Utah","035","Salt Lake","40.736389","-111.872222"
"08/04/2013","490353006","1","2.4","ug/m3 LC","10","1","100.0000","88101","PM2.5 - Local Conditions","41620","Salt Lake City, UT","49","Utah","035","Salt Lake","40.736389","-111.872222"
"08/05/2013","490353006","1","2.6","ug/m3 LC","11","1","100.0000","88101","PM2.5 - Local Conditions","41620","Salt Lake City, UT","49","Utah","035","Salt Lake","40.736389","-111.872222"
"08/06/2013","490353006","1","6.6","ug/m3 LC","28","1","100.0000","88101","PM2.5 - Local Conditions","41620","Salt Lake City, UT","49","Utah","035","Salt Lake","40.736389","-111.872222"
"08/07/2013","490353006","1","7.1","ug/m3 LC","30","1","100.0000","88101","PM2.5 - Local Conditions","41620","Salt Lake City, UT","49","Utah","035","Salt Lake","40.736389","-111.872222"
"08/08/2013","490353006","1","4.8","ug/m3 LC","20","1","100.0000","88101","PM2.5 - Local Conditions","41620","Salt Lake City, UT","49","Utah","035","Salt Lake","40.736389","-111.872222"
"08/09/2013","490353006","1","4.2","ug/m3 LC","18","1","100.0000","88101","PM2.5 - Local Conditions","41620","Salt Lake City, UT","49","Utah","035","Salt Lake","40.736389","-111.872222"
"08/10/2013","490353006","1","4.7","ug/m3 LC","20","1","100.0000","88101","PM2.5 - Local Conditions","41620","Salt Lake City, UT","49","Utah","035","Salt Lake","40.736389","-111.872222"
"08/11/2013","490353006","1","3.7","ug/m3 LC","15","1","100.0000","88101","PM2.5 - Local Conditions","41620","Salt Lake City, UT","49","Utah","035","Salt Lake","40.736389","-111.872222"
"08/12/2013","490353006","1","6.2","ug/m3 LC","26","1","100.0000","88101","PM2.5 - Local Conditions","41620","Salt Lake City, UT","49","Utah","035","Salt Lake","40.736389","-111.872222"
"08/13/2013","490353006","1","5.7","ug/m3 LC","24","1","100.0000","88101","PM2.5 - Local Conditions","41620","Salt Lake City, UT","49","Utah","035","Salt Lake","40.736389","-111.872222"
"08/14/2013","490353006","1","6.5","ug/m3 LC","27","1","100.0000","88101","PM2.5 - Local Conditions","41620","Salt Lake City, UT","49","Utah","035","Salt Lake","40.736389","-111.872222"
"08/15/2013","490353006","1","7.8","ug/m3 LC","33","1","100.0000","88101","PM2.5 - Local Conditions","41620","Salt Lake City, UT","49","Utah","035","Salt Lake","40.736389","-111.872222"
"08/16/2013","490353006","1","10.5","ug/m3 LC","44","1","100.0000","88101","PM2.5 - Local Conditions","41620","Salt Lake City, UT","49","Utah","035","Salt Lake","40.736389","-111.872222"
"08/17/2013","490353006","1","5","ug/m3 LC","21","1","100.0000","88101","PM2.5 - Local Conditions","41620","Salt Lake City, UT","49","Utah","035","Salt Lake","40.736389","-111.872222"
"08/18/2013","490353006","1","4","ug/m3 LC","17","1","100.0000","88101","PM2.5 - Local Conditions","41620","Salt Lake City, UT","49","Utah","035","Salt Lake","40.736389","-111.872222"
"08/19/2013","490353006","1","6.1","ug/m3 LC","25","1","100.0000","88101","PM2.5 - Local Conditions","41620","Salt Lake City, UT","49","Utah","035","Salt Lake","40.736389","-111.872222"
"08/20/2013","490353006","1","5.7","ug/m3 LC","24","1","100.0000","88101","PM2.5 - Local Conditions","41620","Salt Lake City, UT","49","Utah","035","Salt Lake","40.736389","-111.872222"
"08/21/2013","490353006","1","6","ug/m3 LC","25","1","100.0000","88101","PM2.5 - Local Conditions","41620","Salt Lake City, UT","49","Utah","035","Salt Lake","40.736389","-111.872222"
"08/22/2013","490353006","1","5.1","ug/m3 LC","21","1","100.0000","88101","PM2.5 - Local Conditions","41620","Salt Lake City, UT","49","Utah","035","Salt Lake","40.736389","-111.872222"
"08/23/2013","490353006","1","4.1","ug/m3 LC","17","1","100.0000","88101","PM2.5 - Local Conditions","41620","Salt Lake City, UT","49","Utah","035","Salt Lake","40.736389","-111.872222"
"08/24/2013","490353006","1","4.8","ug/m3 LC","20","1","100.0000","88101","PM2.5 - Local Conditions","41620","Salt Lake City, UT","49","Utah","035","Salt Lake","40.736389","-111.872222"
"08/25/2013","490353006","1","4","ug/m3 LC","17","1","100.0000","88101","PM2.5 - Local Conditions","41620","Salt Lake City, UT","49","Utah","035","Salt Lake","40.736389","-111.872222"
"10/25/2013","490353006","1","14.9","ug/m3 LC","57","1","100.0000","88101","PM2.5 - Local Conditions","41620","Salt Lake City, UT","49","Utah","035","Salt Lake","40.736389","-111.872222"
"10/26/2013","490353006","1","11","ug/m3 LC","46","1","100.0000","88101","PM2.5 - Local Conditions","41620","Salt Lake City, UT","49","Utah","035","Salt Lake","40.736389","-111.872222"
"10/27/2013","490353006","1","5.9","ug/m3 LC","25","1","100.0000","88101","PM2.5 - Local Conditions","41620","Salt Lake City, UT","49","Utah","035","Salt Lake","40.736389","-111.872222"
"10/28/2013","490353006","1","6.7","ug/m3 LC","28","1","100.0000","88101","PM2.5 - Local Conditions","41620","Salt Lake City, UT","49","Utah","035","Salt Lake","40.736389","-111.872222"
"10/29/2013","490353006","1","4.4","ug/m3 LC","18","1","100.0000","88101","PM2.5 - Local Conditions","41620","Salt Lake City, UT","49","Utah","035","Salt Lake","40.736389","-111.872222"
"10/30/2013","490353006","1","5","ug/m3 LC","21","1","100.0000","88101","PM2.5 - Local Conditions","41620","Salt Lake City, UT","49","Utah","035","Salt Lake","40.736389","-111.872222"
"10/31/2013","490353006","1","7.2","ug/m3 LC","30","1","100.0000","88101","PM2.5 - Local Conditions","41620","Salt Lake City, UT","49","Utah","035","Salt Lake","40.736389","-111.872222"
"11/01/2013","490353006","1","5","ug/m3 LC","21","1","100.0000","88101","PM2.5 - Local Conditions","41620","Salt Lake City, UT","49","Utah","035","Salt Lake","40.736389","-111.872222"
"11/02/2013","490353006","1","7.4","ug/m3 LC","31","1","100.0000","88101","PM2.5 - Local Conditions","41620","Salt Lake City, UT","49","Utah","035","Salt Lake","40.736389","-111.872222"
"11/03/2013","490353006","1","4.7","ug/m3 LC","20","1","100.0000","88101","PM2.5 - Local Conditions","41620","Salt Lake City, UT","49","Utah","035","Salt Lake","40.736389","-111.872222"
"11/04/2013","490353006","1","2.4","ug/m3 LC","10","1","100.0000","88101","PM2.5 - Local Conditions","41620","Salt Lake City, UT","49","Utah","035","Salt Lake","40.736389","-111.872222"
"11/07/2013","490353006","1","5.2","ug/m3 LC","22","1","100.0000","88101","PM2.5 - Local Conditions","41620","Salt Lake City, UT","49","Utah","035","Salt Lake","40.736389","-111.872222"
"11/08/2013","490353006","1","4.6","ug/m3 LC","19","1","100.0000","88101","PM2.5 - Local Conditions","41620","Salt Lake City, UT","49","Utah","035","Salt Lake","40.736389","-111.872222"
"11/09/2013","490353006","1","10","ug/m3 LC","42","1","100.0000","88101","PM2.5 - Local Conditions","41620","Salt Lake City, UT","49","Utah","035","Salt Lake","40.736389","-111.872222"
"11/10/2013","490353006","1","12.4","ug/m3 LC","52","1","100.0000","88101","PM2.5 - Local Conditions","41620","Salt Lake City, UT","49","Utah","035","Salt Lake","40.736389","-111.872222"
"11/11/2013","490353006","1","12.8","ug/m3 LC","52","1","100.0000","88101","PM2.5 - Local Conditions","41620","Salt Lake City, UT","49","Utah","035","Salt Lake","40.736389","-111.872222"
"11/12/2013","490353006","1","14.8","ug/m3 LC","57","1","100.0000","88101","PM2.5 - Local Conditions","41620","Salt Lake City, UT","49","Utah","035","Salt Lake","40.736389","-111.872222"
"11/13/2013","490353006","1","26.1","ug/m3 LC","80","1","100.0000","88101","PM2.5 - Local Conditions","41620","Salt Lake City, UT","49","Utah","035","Salt Lake","40.736389","-111.872222"
"11/14/2013","490353006","1","7.6","ug/m3 LC","32","1","100.0000","88101","PM2.5 - Local Conditions","41620","Salt Lake City, UT","49","Utah","035","Salt Lake","40.736389","-111.872222"
"11/15/2013","490353006","1","7.9","ug/m3 LC","33","1","100.0000","88101","PM2.5 - Local Conditions","41620","Salt Lake City, UT","49","Utah","035","Salt Lake","40.736389","-111.872222"
"11/16/2013","490353006","1","5.9","ug/m3 LC","25","1","100.0000","88101","PM2.5 - Local Conditions","41620","Salt Lake City, UT","49","Utah","035","Salt Lake","40.736389","-111.872222"
"11/17/2013","490353006","1","3.3","ug/m3 LC","14","1","100.0000","88101","PM2.5 - Local Conditions","41620","Salt Lake City, UT","49","Utah","035","Salt Lake","40.736389","-111.872222"
"11/18/2013","490353006","1","5.5","ug/m3 LC","23","1","100.0000","88101","PM2.5 - Local Conditions","41620","Salt Lake City, UT","49","Utah","035","Salt Lake","40.736389","-111.872222"
"11/19/2013","490353006","1","4.3","ug/m3 LC","18","1","100.0000","88101","PM2.5 - Local Conditions","41620","Salt Lake City, UT","49","Utah","035","Salt Lake","40.736389","-111.872222"
"11/20/2013","490353006","1","6","ug/m3 LC","25","1","100.0000","88101","PM2.5 - Local Conditions","41620","Salt Lake City, UT","49","Utah","035","Salt Lake","40.736389","-111.872222"
"11/21/2013","490353006","1","2.2","ug/m3 LC","9","1","100.0000","88101","PM2.5 - Local Conditions","41620","Salt Lake City, UT","49","Utah","035","Salt Lake","40.736389","-111.872222"
"11/22/2013","490353006","1","4.6","ug/m3 LC","19","1","100.0000","88101","PM2.5 - Local Conditions","41620","Salt Lake City, UT","49","Utah","035","Salt Lake","40.736389","-111.872222"
"11/23/2013","490353006","1","2.2","ug/m3 LC","9","1","100.0000","88101","PM2.5 - Local Conditions","41620","Salt Lake City, UT","49","Utah","035","Salt Lake","40.736389","-111.872222"
"11/24/2013","490353006","1","6.8","ug/m3 LC","28","1","100.0000","88101","PM2.5 - Local Conditions","41620","Salt Lake City, UT","49","Utah","035","Salt Lake","40.736389","-111.872222"
"11/25/2013","490353006","1","14.9","ug/m3 LC","57","1","100.0000","88101","PM2.5 - Local Conditions","41620","Salt Lake City, UT","49","Utah","035","Salt Lake","40.736389","-111.872222"
"11/26/2013","490353006","1","18.7","ug/m3 LC","65","1","100.0000","88101","PM2.5 - Local Conditions","41620","Salt Lake City, UT","49","Utah","035","Salt Lake","40.736389","-111.872222"
"11/27/2013","490353006","1","21.8","ug/m3 LC","71","1","100.0000","88101","PM2.5 - Local Conditions","41620","Salt Lake City, UT","49","Utah","035","Salt Lake","40.736389","-111.872222"
"11/28/2013","490353006","1","27","ug/m3 LC","82","1","100.0000","88101","PM2.5 - Local Conditions","41620","Salt Lake City, UT","49","Utah","035","Salt Lake","40.736389","-111.872222"
"11/29/2013","490353006","1","25.5","ug/m3 LC","79","1","100.0000","88101","PM2.5 - Local Conditions","41620","Salt Lake City, UT","49","Utah","035","Salt Lake","40.736389","-111.872222"
"11/30/2013","490353006","1","15.4","ug/m3 LC","58","1","100.0000","88101","PM2.5 - Local Conditions","41620","Salt Lake City, UT","49","Utah","035","Salt Lake","40.736389","-111.872222"
"12/01/2013","490353006","1","16.4","ug/m3 LC","60","1","100.0000","88101","PM2.5 - Local Conditions","41620","Salt Lake City, UT","49","Utah","035","Salt Lake","40.736389","-111.872222"
"12/02/2013","490353006","1","4","ug/m3 LC","17","1","100.0000","88101","PM2.5 - Local Conditions","41620","Salt Lake City, UT","49","Utah","035","Salt Lake","40.736389","-111.872222"
"12/03/2013","490353006","1","2.1","ug/m3 LC","9","1","100.0000","88101","PM2.5 - Local Conditions","41620","Salt Lake City, UT","49","Utah","035","Salt Lake","40.736389","-111.872222"
"12/04/2013","490353006","1","5.9","ug/m3 LC","25","1","100.0000","88101","PM2.5 - Local Conditions","41620","Salt Lake City, UT","49","Utah","035","Salt Lake","40.736389","-111.872222"
"12/05/2013","490353006","1","12.6","ug/m3 LC","52","1","100.0000","88101","PM2.5 - Local Conditions","41620","Salt Lake City, UT","49","Utah","035","Salt Lake","40.736389","-111.872222"
"12/06/2013","490353006","1","15.1","ug/m3 LC","57","1","100.0000","88101","PM2.5 - Local Conditions","41620","Salt Lake City, UT","49","Utah","035","Salt Lake","40.736389","-111.872222"
"12/07/2013","490353006","1","7.3","ug/m3 LC","30","1","100.0000","88101","PM2.5 - Local Conditions","41620","Salt Lake City, UT","49","Utah","035","Salt Lake","40.736389","-111.872222"
"12/15/2013","490353006","1","61.6","ug/m3 LC","154","1","100.0000","88101","PM2.5 - Local Conditions","41620","Salt Lake City, UT","49","Utah","035","Salt Lake","40.736389","-111.872222"
"12/16/2013","490353006","1","51","ug/m3 LC","139","1","100.0000","88101","PM2.5 - Local Conditions","41620","Salt Lake City, UT","49","Utah","035","Salt Lake","40.736389","-111.872222"
"12/17/2013","490353006","1","50.8","ug/m3 LC","139","1","100.0000","88101","PM2.5 - Local Conditions","41620","Salt Lake City, UT","49","Utah","035","Salt Lake","40.736389","-111.872222"
"12/18/2013","490353006","1","44","ug/m3 LC","122","1","100.0000","88101","PM2.5 - Local Conditions","41620","Salt Lake City, UT","49","Utah","035","Salt Lake","40.736389","-111.872222"
"12/19/2013","490353006","1","19.5","ug/m3 LC","67","1","100.0000","88101","PM2.5 - Local Conditions","41620","Salt Lake City, UT","49","Utah","035","Salt Lake","40.736389","-111.872222"
"12/20/2013","490353006","1","20","ug/m3 LC","68","1","100.0000","88101","PM2.5 - Local Conditions","41620","Salt Lake City, UT","49","Utah","035","Salt Lake","40.736389","-111.872222"
"12/21/2013","490353006","1","26.4","ug/m3 LC","81","1","100.0000","88101","PM2.5 - Local Conditions","41620","Salt Lake City, UT","49","Utah","035","Salt Lake","40.736389","-111.872222"
"12/22/2013","490353006","1","16","ug/m3 LC","59","1","100.0000","88101","PM2.5 - Local Conditions","41620","Salt Lake City, UT","49","Utah","035","Salt Lake","40.736389","-111.872222"
"12/23/2013","490353006","1","17","ug/m3 LC","61","1","100.0000","88101","PM2.5 - Local Conditions","41620","Salt Lake City, UT","49","Utah","035","Salt Lake","40.736389","-111.872222"
"12/24/2013","490353006","1","8.6","ug/m3 LC","36","1","100.0000","88101","PM2.5 - Local Conditions","41620","Salt Lake City, UT","49","Utah","035","Salt Lake","40.736389","-111.872222"
"12/25/2013","490353006","1","16.8","ug/m3 LC","61","1","100.0000","88101","PM2.5 - Local Conditions","41620","Salt Lake City, UT","49","Utah","035","Salt Lake","40.736389","-111.872222"
"12/26/2013","490353006","1","31.6","ug/m3 LC","92","1","100.0000","88101","PM2.5 - Local Conditions","41620","Salt Lake City, UT","49","Utah","035","Salt Lake","40.736389","-111.872222"
"12/27/2013","490353006","1","48.3","ug/m3 LC","133","1","100.0000","88101","PM2.5 - Local Conditions","41620","Salt Lake City, UT","49","Utah","035","Salt Lake","40.736389","-111.872222"
"12/28/2013","490353006","1","52.1","ug/m3 LC","142","1","100.0000","88101","PM2.5 - Local Conditions","41620","Salt Lake City, UT","49","Utah","035","Salt Lake","40.736389","-111.872222"
"12/29/2013","490353006","1","42.3","ug/m3 LC","118","1","100.0000","88101","PM2.5 - Local Conditions","41620","Salt Lake City, UT","49","Utah","035","Salt Lake","40.736389","-111.872222"
"12/30/2013","490353006","1","45.9","ug/m3 LC","127","1","100.0000","88101","PM2.5 - Local Conditions","41620","Salt Lake City, UT","49","Utah","035","Salt Lake","40.736389","-111.872222"
"12/31/2013","490353006","1","63.4","ug/m3 LC","155","1","100.0000","88101","PM2.5 - Local Conditions","41620","Salt Lake City, UT","49","Utah","035","Salt Lake","40.736389","-111.872222"
"01/01/2013","490353006","3","23.2","ug/m3 LC","74","1","100.0000","88502","Acceptable PM2.5 AQI & Speciation Mass","41620","Salt Lake City, UT","49","Utah","035","Salt Lake","40.736389","-111.872222"
"01/02/2013","490353006","3","24.6","ug/m3 LC","77","1","100.0000","88502","Acceptable PM2.5 AQI & Speciation Mass","41620","Salt Lake City, UT","49","Utah","035","Salt Lake","40.736389","-111.872222"
"01/03/2013","490353006","3","32","ug/m3 LC","93","1","100.0000","88502","Acceptable PM2.5 AQI & Speciation Mass","41620","Salt Lake City, UT","49","Utah","035","Salt Lake","40.736389","-111.872222"
"01/04/2013","490353006","3","36","ug/m3 LC","102","1","100.0000","88502","Acceptable PM2.5 AQI & Speciation Mass","41620","Salt Lake City, UT","49","Utah","035","Salt Lake","40.736389","-111.872222"
"01/05/2013","490353006","3","47.9","ug/m3 LC","132","1","100.0000","88502","Acceptable PM2.5 AQI & Speciation Mass","41620","Salt Lake City, UT","49","Utah","035","Salt Lake","40.736389","-111.872222"
"01/06/2013","490353006","3","56.1","ug/m3 LC","151","1","100.0000","88502","Acceptable PM2.5 AQI & Speciation Mass","41620","Salt Lake City, UT","49","Utah","035","Salt Lake","40.736389","-111.872222"
"01/07/2013","490353006","3","44.4","ug/m3 LC","123","1","100.0000","88502","Acceptable PM2.5 AQI & Speciation Mass","41620","Salt Lake City, UT","49","Utah","035","Salt Lake","40.736389","-111.872222"
"01/08/2013","490353006","3","72.8","ug/m3 LC","160","1","100.0000","88502","Acceptable PM2.5 AQI & Speciation Mass","41620","Salt Lake City, UT","49","Utah","035","Salt Lake","40.736389","-111.872222"
"01/09/2013","490353006","3","43.2","ug/m3 LC","120","1","100.0000","88502","Acceptable PM2.5 AQI & Speciation Mass","41620","Salt Lake City, UT","49","Utah","035","Salt Lake","40.736389","-111.872222"
"01/10/2013","490353006","3","1.2","ug/m3 LC","5","1","100.0000","88502","Acceptable PM2.5 AQI & Speciation Mass","41620","Salt Lake City, UT","49","Utah","035","Salt Lake","40.736389","-111.872222"
"01/11/2013","490353006","3","2.3","ug/m3 LC","10","1","100.0000","88502","Acceptable PM2.5 AQI & Speciation Mass","41620","Salt Lake City, UT","49","Utah","035","Salt Lake","40.736389","-111.872222"
"01/12/2013","490353006","3","6.3","ug/m3 LC","26","1","100.0000","88502","Acceptable PM2.5 AQI & Speciation Mass","41620","Salt Lake City, UT","49","Utah","035","Salt Lake","40.736389","-111.872222"
"01/13/2013","490353006","3","10.9","ug/m3 LC","45","1","100.0000","88502","Acceptable PM2.5 AQI & Speciation Mass","41620","Salt Lake City, UT","49","Utah","035","Salt Lake","40.736389","-111.872222"
"01/14/2013","490353006","3","16.2","ug/m3 LC","60","1","100.0000","88502","Acceptable PM2.5 AQI & Speciation Mass","41620","Salt Lake City, UT","49","Utah","035","Salt Lake","40.736389","-111.872222"
"01/15/2013","490353006","3","19.6","ug/m3 LC","67","1","100.0000","88502","Acceptable PM2.5 AQI & Speciation Mass","41620","Salt Lake City, UT","49","Utah","035","Salt Lake","40.736389","-111.872222"
"01/16/2013","490353006","3","29.9","ug/m3 LC","88","1","100.0000","88502","Acceptable PM2.5 AQI & Speciation Mass","41620","Salt Lake City, UT","49","Utah","035","Salt Lake","40.736389","-111.872222"
"01/17/2013","490353006","3","40.2","ug/m3 LC","113","1","100.0000","88502","Acceptable PM2.5 AQI & Speciation Mass","41620","Salt Lake City, UT","49","Utah","035","Salt Lake","40.736389","-111.872222"
"01/18/2013","490353006","3","59.4","ug/m3 LC","153","1","100.0000","88502","Acceptable PM2.5 AQI & Speciation Mass","41620","Salt Lake City, UT","49","Utah","035","Salt Lake","40.736389","-111.872222"
"01/19/2013","490353006","3","50.9","ug/m3 LC","139","1","100.0000","88502","Acceptable PM2.5 AQI & Speciation Mass","41620","Salt Lake City, UT","49","Utah","035","Salt Lake","40.736389","-111.872222"
"01/20/2013","490353006","3","41.6","ug/m3 LC","116","1","100.0000","88502","Acceptable PM2.5 AQI & Speciation Mass","41620","Salt Lake City, UT","49","Utah","035","Salt Lake","40.736389","-111.872222"
"01/21/2013","490353006","3","38.7","ug/m3 LC","109","1","100.0000","88502","Acceptable PM2.5 AQI & Speciation Mass","41620","Salt Lake City, UT","49","Utah","035","Salt Lake","40.736389","-111.872222"
"01/22/2013","490353006","3","38.7","ug/m3 LC","109","1","100.0000","88502","Acceptable PM2.5 AQI & Speciation Mass","41620","Salt Lake City, UT","49","Utah","035","Salt Lake","40.736389","-111.872222"
"01/23/2013","490353006","3","44.6","ug/m3 LC","123","1","100.0000","88502","Acceptable PM2.5 AQI & Speciation Mass","41620","Salt Lake City, UT","49","Utah","035","Salt Lake","40.736389","-111.872222"
"01/24/2013","490353006","3","52","ug/m3 LC","142","1","100.0000","88502","Acceptable PM2.5 AQI & Speciation Mass","41620","Salt Lake City, UT","49","Utah","035","Salt Lake","40.736389","-111.872222"
"01/25/2013","490353006","3","56.6","ug/m3 LC","152","1","100.0000","88502","Acceptable PM2.5 AQI & Speciation Mass","41620","Salt Lake City, UT","49","Utah","035","Salt Lake","40.736389","-111.872222"
"01/26/2013","490353006","3","40.5","ug/m3 LC","113","1","100.0000","88502","Acceptable PM2.5 AQI & Speciation Mass","41620","Salt Lake City, UT","49","Utah","035","Salt Lake","40.736389","-111.872222"
"01/27/2013","490353006","3","11.3","ug/m3 LC","47","1","100.0000","88502","Acceptable PM2.5 AQI & Speciation Mass","41620","Salt Lake City, UT","49","Utah","035","Salt Lake","40.736389","-111.872222"
"01/28/2013","490353006","3","8.2","ug/m3 LC","34","1","100.0000","88502","Acceptable PM2.5 AQI & Speciation Mass","41620","Salt Lake City, UT","49","Utah","035","Salt Lake","40.736389","-111.872222"
"01/29/2013","490353006","3","9","ug/m3 LC","38","1","100.0000","88502","Acceptable PM2.5 AQI & Speciation Mass","41620","Salt Lake City, UT","49","Utah","035","Salt Lake","40.736389","-111.872222"
"01/30/2013","490353006","3","10.9","ug/m3 LC","45","1","100.0000","88502","Acceptable PM2.5 AQI & Speciation Mass","41620","Salt Lake City, UT","49","Utah","035","Salt Lake","40.736389","-111.872222"
"01/31/2013","490353006","3","12.5","ug/m3 LC","52","1","100.0000","88502","Acceptable PM2.5 AQI & Speciation Mass","41620","Salt Lake City, UT","49","Utah","035","Salt Lake","40.736389","-111.872222"
"02/01/2013","490353006","3","19.2","ug/m3 LC","66","1","100.0000","88502","Acceptable PM2.5 AQI & Speciation Mass","41620","Salt Lake City, UT","49","Utah","035","Salt Lake","40.736389","-111.872222"
"02/02/2013","490353006","3","25.6","ug/m3 LC","79","1","100.0000","88502","Acceptable PM2.5 AQI & Speciation Mass","41620","Salt Lake City, UT","49","Utah","035","Salt Lake","40.736389","-111.872222"
"02/03/2013","490353006","3","38.2","ug/m3 LC","108","1","100.0000","88502","Acceptable PM2.5 AQI & Speciation Mass","41620","Salt Lake City, UT","49","Utah","035","Salt Lake","40.736389","-111.872222"
"02/04/2013","490353006","3","49.6","ug/m3 LC","136","1","100.0000","88502","Acceptable PM2.5 AQI & Speciation Mass","41620","Salt Lake City, UT","49","Utah","035","Salt Lake","40.736389","-111.872222"
"02/05/2013","490353006","3","37.9","ug/m3 LC","107","1","100.0000","88502","Acceptable PM2.5 AQI & Speciation Mass","41620","Salt Lake City, UT","49","Utah","035","Salt Lake","40.736389","-111.872222"
"02/06/2013","490353006","3","45.3","ug/m3 LC","125","1","100.0000","88502","Acceptable PM2.5 AQI & Speciation Mass","41620","Salt Lake City, UT","49","Utah","035","Salt Lake","40.736389","-111.872222"
"02/07/2013","490353006","3","38.1","ug/m3 LC","107","1","100.0000","88502","Acceptable PM2.5 AQI & Speciation Mass","41620","Salt Lake City, UT","49","Utah","035","Salt Lake","40.736389","-111.872222"
"02/08/2013","490353006","3","16.5","ug/m3 LC","60","1","100.0000","88502","Acceptable PM2.5 AQI & Speciation Mass","41620","Salt Lake City, UT","49","Utah","035","Salt Lake","40.736389","-111.872222"
"02/09/2013","490353006","3","7.9","ug/m3 LC","33","1","100.0000","88502","Acceptable PM2.5 AQI & Speciation Mass","41620","Salt Lake City, UT","49","Utah","035","Salt Lake","40.736389","-111.872222"
"02/10/2013","490353006","3","7.3","ug/m3 LC","30","1","100.0000","88502","Acceptable PM2.5 AQI & Speciation Mass","41620","Salt Lake City, UT","49","Utah","035","Salt Lake","40.736389","-111.872222"
"02/11/2013","490353006","3","11.8","ug/m3 LC","49","1","100.0000","88502","Acceptable PM2.5 AQI & Speciation Mass","41620","Salt Lake City, UT","49","Utah","035","Salt Lake","40.736389","-111.872222"
"02/12/2013","490353006","3","14.7","ug/m3 LC","56","1","100.0000","88502","Acceptable PM2.5 AQI & Speciation Mass","41620","Salt Lake City, UT","49","Utah","035","Salt Lake","40.736389","-111.872222"
"02/13/2013","490353006","3","21","ug/m3 LC","70","1","100.0000","88502","Acceptable PM2.5 AQI & Speciation Mass","41620","Salt Lake City, UT","49","Utah","035","Salt Lake","40.736389","-111.872222"
"02/14/2013","490353006","3","28.1","ug/m3 LC","85","1","100.0000","88502","Acceptable PM2.5 AQI & Speciation Mass","41620","Salt Lake City, UT","49","Utah","035","Salt Lake","40.736389","-111.872222"
"02/15/2013","490353006","3","16","ug/m3 LC","59","1","100.0000","88502","Acceptable PM2.5 AQI & Speciation Mass","41620","Salt Lake City, UT","49","Utah","035","Salt Lake","40.736389","-111.872222"
"02/16/2013","490353006","3","24.4","ug/m3 LC","77","1","100.0000","88502","Acceptable PM2.5 AQI & Speciation Mass","41620","Salt Lake City, UT","49","Utah","035","Salt Lake","40.736389","-111.872222"
"02/17/2013","490353006","3","25.9","ug/m3 LC","80","1","100.0000","88502","Acceptable PM2.5 AQI & Speciation Mass","41620","Salt Lake City, UT","49","Utah","035","Salt Lake","40.736389","-111.872222"
"02/18/2013","490353006","3","7.9","ug/m3 LC","33","1","100.0000","88502","Acceptable PM2.5 AQI & Speciation Mass","41620","Salt Lake City, UT","49","Utah","035","Salt Lake","40.736389","-111.872222"
"02/19/2013","490353006","3","10","ug/m3 LC","42","1","100.0000","88502","Acceptable PM2.5 AQI & Speciation Mass","41620","Salt Lake City, UT","49","Utah","035","Salt Lake","40.736389","-111.872222"
"02/20/2013","490353006","3","7.7","ug/m3 LC","32","1","100.0000","88502","Acceptable PM2.5 AQI & Speciation Mass","41620","Salt Lake City, UT","49","Utah","035","Salt Lake","40.736389","-111.872222"
"02/21/2013","490353006","3","3.9","ug/m3 LC","16","1","100.0000","88502","Acceptable PM2.5 AQI & Speciation Mass","41620","Salt Lake City, UT","49","Utah","035","Salt Lake","40.736389","-111.872222"
"02/22/2013","490353006","3","6.1","ug/m3 LC","25","1","100.0000","88502","Acceptable PM2.5 AQI & Speciation Mass","41620","Salt Lake City, UT","49","Utah","035","Salt Lake","40.736389","-111.872222"
"02/23/2013","490353006","3","2.6","ug/m3 LC","11","1","100.0000","88502","Acceptable PM2.5 AQI & Speciation Mass","41620","Salt Lake City, UT","49","Utah","035","Salt Lake","40.736389","-111.872222"
"02/24/2013","490353006","3","5","ug/m3 LC","21","1","100.0000","88502","Acceptable PM2.5 AQI & Speciation Mass","41620","Salt Lake City, UT","49","Utah","035","Salt Lake","40.736389","-111.872222"
"02/25/2013","490353006","3","8","ug/m3 LC","33","1","100.0000","88502","Acceptable PM2.5 AQI & Speciation Mass","41620","Salt Lake City, UT","49","Utah","035","Salt Lake","40.736389","-111.872222"
"02/26/2013","490353006","3","5.9","ug/m3 LC","25","1","100.0000","88502","Acceptable PM2.5 AQI & Speciation Mass","41620","Salt Lake City, UT","49","Utah","035","Salt Lake","40.736389","-111.872222"
"02/27/2013","490353006","3","5.1","ug/m3 LC","21","1","100.0000","88502","Acceptable PM2.5 AQI & Speciation Mass","41620","Salt Lake City, UT","49","Utah","035","Salt Lake","40.736389","-111.872222"
"02/28/2013","490353006","3","12.7","ug/m3 LC","52","1","100.0000","88502","Acceptable PM2.5 AQI & Speciation Mass","41620","Salt Lake City, UT","49","Utah","035","Salt Lake","40.736389","-111.872222"
"03/01/2013","490353006","3","29.2","ug/m3 LC","87","1","100.0000","88502","Acceptable PM2.5 AQI & Speciation Mass","41620","Salt Lake City, UT","49","Utah","035","Salt Lake","40.736389","-111.872222"
"03/02/2013","490353006","3","26.4","ug/m3 LC","81","1","100.0000","88502","Acceptable PM2.5 AQI & Speciation Mass","41620","Salt Lake City, UT","49","Utah","035","Salt Lake","40.736389","-111.872222"
"03/03/2013","490353006","3","28.5","ug/m3 LC","85","1","100.0000","88502","Acceptable PM2.5 AQI & Speciation Mass","41620","Salt Lake City, UT","49","Utah","035","Salt Lake","40.736389","-111.872222"
"03/04/2013","490353006","3","3.5","ug/m3 LC","15","1","100.0000","88502","Acceptable PM2.5 AQI & Speciation Mass","41620","Salt Lake City, UT","49","Utah","035","Salt Lake","40.736389","-111.872222"
"03/05/2013","490353006","3","9.2","ug/m3 LC","38","1","100.0000","88502","Acceptable PM2.5 AQI & Speciation Mass","41620","Salt Lake City, UT","49","Utah","035","Salt Lake","40.736389","-111.872222"
"03/06/2013","490353006","3","5.2","ug/m3 LC","22","1","100.0000","88502","Acceptable PM2.5 AQI & Speciation Mass","41620","Salt Lake City, UT","49","Utah","035","Salt Lake","40.736389","-111.872222"
"03/07/2013","490353006","3","6.7","ug/m3 LC","28","1","100.0000","88502","Acceptable PM2.5 AQI & Speciation Mass","41620","Salt Lake City, UT","49","Utah","035","Salt Lake","40.736389","-111.872222"
"03/08/2013","490353006","3","9.7","ug/m3 LC","40","1","100.0000","88502","Acceptable PM2.5 AQI & Speciation Mass","41620","Salt Lake City, UT","49","Utah","035","Salt Lake","40.736389","-111.872222"
"03/09/2013","490353006","3","3.2","ug/m3 LC","13","1","100.0000","88502","Acceptable PM2.5 AQI & Speciation Mass","41620","Salt Lake City, UT","49","Utah","035","Salt Lake","40.736389","-111.872222"
"03/10/2013","490353006","3","5.2","ug/m3 LC","22","1","100.0000","88502","Acceptable PM2.5 AQI & Speciation Mass","41620","Salt Lake City, UT","49","Utah","035","Salt Lake","40.736389","-111.872222"
"03/11/2013","490353006","3","5.9","ug/m3 LC","25","1","100.0000","88502","Acceptable PM2.5 AQI & Speciation Mass","41620","Salt Lake City, UT","49","Utah","035","Salt Lake","40.736389","-111.872222"
"03/12/2013","490353006","3","3","ug/m3 LC","13","1","100.0000","88502","Acceptable PM2.5 AQI & Speciation Mass","41620","Salt Lake City, UT","49","Utah","035","Salt Lake","40.736389","-111.872222"
"03/13/2013","490353006","3","3.4","ug/m3 LC","14","1","100.0000","88502","Acceptable PM2.5 AQI & Speciation Mass","41620","Salt Lake City, UT","49","Utah","035","Salt Lake","40.736389","-111.872222"
"03/14/2013","490353006","3","6.1","ug/m3 LC","25","1","100.0000","88502","Acceptable PM2.5 AQI & Speciation Mass","41620","Salt Lake City, UT","49","Utah","035","Salt Lake","40.736389","-111.872222"
"03/15/2013","490353006","3","8.1","ug/m3 LC","34","1","100.0000","88502","Acceptable PM2.5 AQI & Speciation Mass","41620","Salt Lake City, UT","49","Utah","035","Salt Lake","40.736389","-111.872222"
"03/16/2013","490353006","3","3.5","ug/m3 LC","15","1","100.0000","88502","Acceptable PM2.5 AQI & Speciation Mass","41620","Salt Lake City, UT","49","Utah","035","Salt Lake","40.736389","-111.872222"
"03/17/2013","490353006","3","2","ug/m3 LC","8","1","100.0000","88502","Acceptable PM2.5 AQI & Speciation Mass","41620","Salt Lake City, UT","49","Utah","035","Salt Lake","40.736389","-111.872222"
"03/18/2013","490353006","3","3.7","ug/m3 LC","15","1","100.0000","88502","Acceptable PM2.5 AQI & Speciation Mass","41620","Salt Lake City, UT","49","Utah","035","Salt Lake","40.736389","-111.872222"
"03/19/2013","490353006","3","4.5","ug/m3 LC","19","1","100.0000","88502","Acceptable PM2.5 AQI & Speciation Mass","41620","Salt Lake City, UT","49","Utah","035","Salt Lake","40.736389","-111.872222"
"03/20/2013","490353006","3","3.6","ug/m3 LC","15","1","100.0000","88502","Acceptable PM2.5 AQI & Speciation Mass","41620","Salt Lake City, UT","49","Utah","035","Salt Lake","40.736389","-111.872222"
"03/21/2013","490353006","3","2.4","ug/m3 LC","10","1","100.0000","88502","Acceptable PM2.5 AQI & Speciation Mass","41620","Salt Lake City, UT","49","Utah","035","Salt Lake","40.736389","-111.872222"
"03/22/2013","490353006","3","2.7","ug/m3 LC","11","1","100.0000","88502","Acceptable PM2.5 AQI & Speciation Mass","41620","Salt Lake City, UT","49","Utah","035","Salt Lake","40.736389","-111.872222"
"03/23/2013","490353006","3","5.7","ug/m3 LC","24","1","100.0000","88502","Acceptable PM2.5 AQI & Speciation Mass","41620","Salt Lake City, UT","49","Utah","035","Salt Lake","40.736389","-111.872222"
"03/24/2013","490353006","3","3.5","ug/m3 LC","15","1","100.0000","88502","Acceptable PM2.5 AQI & Speciation Mass","41620","Salt Lake City, UT","49","Utah","035","Salt Lake","40.736389","-111.872222"
"03/25/2013","490353006","3","5","ug/m3 LC","21","1","100.0000","88502","Acceptable PM2.5 AQI & Speciation Mass","41620","Salt Lake City, UT","49","Utah","035","Salt Lake","40.736389","-111.872222"
"03/26/2013","490353006","3","6.2","ug/m3 LC","26","1","100.0000","88502","Acceptable PM2.5 AQI & Speciation Mass","41620","Salt Lake City, UT","49","Utah","035","Salt Lake","40.736389","-111.872222"
"03/27/2013","490353006","3","5.2","ug/m3 LC","22","1","100.0000","88502","Acceptable PM2.5 AQI & Speciation Mass","41620","Salt Lake City, UT","49","Utah","035","Salt Lake","40.736389","-111.872222"
"03/28/2013","490353006","3","7.3","ug/m3 LC","30","1","100.0000","88502","Acceptable PM2.5 AQI & Speciation Mass","41620","Salt Lake City, UT","49","Utah","035","Salt Lake","40.736389","-111.872222"
"03/29/2013","490353006","3","7.3","ug/m3 LC","30","1","100.0000","88502","Acceptable PM2.5 AQI & Speciation Mass","41620","Salt Lake City, UT","49","Utah","035","Salt Lake","40.736389","-111.872222"
"03/30/2013","490353006","3","4.6","ug/m3 LC","19","1","100.0000","88502","Acceptable PM2.5 AQI & Speciation Mass","41620","Salt Lake City, UT","49","Utah","035","Salt Lake","40.736389","-111.872222"
"03/31/2013","490353006","3","3.7","ug/m3 LC","15","1","100.0000","88502","Acceptable PM2.5 AQI & Speciation Mass","41620","Salt Lake City, UT","49","Utah","035","Salt Lake","40.736389","-111.872222"
"04/01/2013","490353006","3","1.9","ug/m3 LC","8","1","100.0000","88502","Acceptable PM2.5 AQI & Speciation Mass","41620","Salt Lake City, UT","49","Utah","035","Salt Lake","40.736389","-111.872222"
"04/02/2013","490353006","3","4.6","ug/m3 LC","19","1","100.0000","88502","Acceptable PM2.5 AQI & Speciation Mass","41620","Salt Lake City, UT","49","Utah","035","Salt Lake","40.736389","-111.872222"
"04/03/2013","490353006","3","6.8","ug/m3 LC","28","1","100.0000","88502","Acceptable PM2.5 AQI & Speciation Mass","41620","Salt Lake City, UT","49","Utah","035","Salt Lake","40.736389","-111.872222"
"04/04/2013","490353006","3","4.1","ug/m3 LC","17","1","100.0000","88502","Acceptable PM2.5 AQI & Speciation Mass","41620","Salt Lake City, UT","49","Utah","035","Salt Lake","40.736389","-111.872222"
"04/05/2013","490353006","3","2.4","ug/m3 LC","10","1","100.0000","88502","Acceptable PM2.5 AQI & Speciation Mass","41620","Salt Lake City, UT","49","Utah","035","Salt Lake","40.736389","-111.872222"
"04/06/2013","490353006","3","3.5","ug/m3 LC","15","1","100.0000","88502","Acceptable PM2.5 AQI & Speciation Mass","41620","Salt Lake City, UT","49","Utah","035","Salt Lake","40.736389","-111.872222"
"04/07/2013","490353006","3","5.6","ug/m3 LC","23","1","100.0000","88502","Acceptable PM2.5 AQI & Speciation Mass","41620","Salt Lake City, UT","49","Utah","035","Salt Lake","40.736389","-111.872222"
"04/08/2013","490353006","3","4.7","ug/m3 LC","20","1","100.0000","88502","Acceptable PM2.5 AQI & Speciation Mass","41620","Salt Lake City, UT","49","Utah","035","Salt Lake","40.736389","-111.872222"
"04/09/2013","490353006","3","2.7","ug/m3 LC","11","1","100.0000","88502","Acceptable PM2.5 AQI & Speciation Mass","41620","Salt Lake City, UT","49","Utah","035","Salt Lake","40.736389","-111.872222"
"04/10/2013","490353006","3","4.5","ug/m3 LC","19","1","100.0000","88502","Acceptable PM2.5 AQI & Speciation Mass","41620","Salt Lake City, UT","49","Utah","035","Salt Lake","40.736389","-111.872222"
"04/11/2013","490353006","3","4.3","ug/m3 LC","18","1","100.0000","88502","Acceptable PM2.5 AQI & Speciation Mass","41620","Salt Lake City, UT","49","Utah","035","Salt Lake","40.736389","-111.872222"
"04/12/2013","490353006","3","5.9","ug/m3 LC","25","1","100.0000","88502","Acceptable PM2.5 AQI & Speciation Mass","41620","Salt Lake City, UT","49","Utah","035","Salt Lake","40.736389","-111.872222"
"04/13/2013","490353006","3","3.9","ug/m3 LC","16","1","100.0000","88502","Acceptable PM2.5 AQI & Speciation Mass","41620","Salt Lake City, UT","49","Utah","035","Salt Lake","40.736389","-111.872222"
"04/14/2013","490353006","3","1.1","ug/m3 LC","5","1","100.0000","88502","Acceptable PM2.5 AQI & Speciation Mass","41620","Salt Lake City, UT","49","Utah","035","Salt Lake","40.736389","-111.872222"
"04/15/2013","490353006","3","4.5","ug/m3 LC","19","1","100.0000","88502","Acceptable PM2.5 AQI & Speciation Mass","41620","Salt Lake City, UT","49","Utah","035","Salt Lake","40.736389","-111.872222"
"04/16/2013","490353006","3","3","ug/m3 LC","13","1","100.0000","88502","Acceptable PM2.5 AQI & Speciation Mass","41620","Salt Lake City, UT","49","Utah","035","Salt Lake","40.736389","-111.872222"
"04/17/2013","490353006","3","1.6","ug/m3 LC","7","1","100.0000","88502","Acceptable PM2.5 AQI & Speciation Mass","41620","Salt Lake City, UT","49","Utah","035","Salt Lake","40.736389","-111.872222"
"04/18/2013","490353006","3","3.5","ug/m3 LC","15","1","100.0000","88502","Acceptable PM2.5 AQI & Speciation Mass","41620","Salt Lake City, UT","49","Utah","035","Salt Lake","40.736389","-111.872222"
"04/19/2013","490353006","3","3","ug/m3 LC","13","1","100.0000","88502","Acceptable PM2.5 AQI & Speciation Mass","41620","Salt Lake City, UT","49","Utah","035","Salt Lake","40.736389","-111.872222"
"04/20/2013","490353006","3","3.3","ug/m3 LC","14","1","100.0000","88502","Acceptable PM2.5 AQI & Speciation Mass","41620","Salt Lake City, UT","49","Utah","035","Salt Lake","40.736389","-111.872222"
"04/21/2013","490353006","3","3.7","ug/m3 LC","15","1","100.0000","88502","Acceptable PM2.5 AQI & Speciation Mass","41620","Salt Lake City, UT","49","Utah","035","Salt Lake","40.736389","-111.872222"
"04/22/2013","490353006","3","3","ug/m3 LC","13","1","100.0000","88502","Acceptable PM2.5 AQI & Speciation Mass","41620","Salt Lake City, UT","49","Utah","035","Salt Lake","40.736389","-111.872222"
"04/23/2013","490353006","3","2.8","ug/m3 LC","12","1","100.0000","88502","Acceptable PM2.5 AQI & Speciation Mass","41620","Salt Lake City, UT","49","Utah","035","Salt Lake","40.736389","-111.872222"
"04/24/2013","490353006","3","4.7","ug/m3 LC","20","1","100.0000","88502","Acceptable PM2.5 AQI & Speciation Mass","41620","Salt Lake City, UT","49","Utah","035","Salt Lake","40.736389","-111.872222"
"04/25/2013","490353006","3","7.9","ug/m3 LC","33","1","100.0000","88502","Acceptable PM2.5 AQI & Speciation Mass","41620","Salt Lake City, UT","49","Utah","035","Salt Lake","40.736389","-111.872222"
"04/26/2013","490353006","3","8.6","ug/m3 LC","36","1","100.0000","88502","Acceptable PM2.5 AQI & Speciation Mass","41620","Salt Lake City, UT","49","Utah","035","Salt Lake","40.736389","-111.872222"
"04/27/2013","490353006","3","7.3","ug/m3 LC","30","1","100.0000","88502","Acceptable PM2.5 AQI & Speciation Mass","41620","Salt Lake City, UT","49","Utah","035","Salt Lake","40.736389","-111.872222"
"04/28/2013","490353006","3","6.2","ug/m3 LC","26","1","100.0000","88502","Acceptable PM2.5 AQI & Speciation Mass","41620","Salt Lake City, UT","49","Utah","035","Salt Lake","40.736389","-111.872222"
"04/29/2013","490353006","3","4.3","ug/m3 LC","18","1","100.0000","88502","Acceptable PM2.5 AQI & Speciation Mass","41620","Salt Lake City, UT","49","Utah","035","Salt Lake","40.736389","-111.872222"
"04/30/2013","490353006","3","3.3","ug/m3 LC","14","1","100.0000","88502","Acceptable PM2.5 AQI & Speciation Mass","41620","Salt Lake City, UT","49","Utah","035","Salt Lake","40.736389","-111.872222"
"05/01/2013","490353006","3","2.1","ug/m3 LC","9","1","100.0000","88502","Acceptable PM2.5 AQI & Speciation Mass","41620","Salt Lake City, UT","49","Utah","035","Salt Lake","40.736389","-111.872222"
"05/02/2013","490353006","3","3.9","ug/m3 LC","16","1","100.0000","88502","Acceptable PM2.5 AQI & Speciation Mass","41620","Salt Lake City, UT","49","Utah","035","Salt Lake","40.736389","-111.872222"
"05/03/2013","490353006","3","5.6","ug/m3 LC","23","1","100.0000","88502","Acceptable PM2.5 AQI & Speciation Mass","41620","Salt Lake City, UT","49","Utah","035","Salt Lake","40.736389","-111.872222"
"05/04/2013","490353006","3","5.1","ug/m3 LC","21","1","100.0000","88502","Acceptable PM2.5 AQI & Speciation Mass","41620","Salt Lake City, UT","49","Utah","035","Salt Lake","40.736389","-111.872222"
"05/05/2013","490353006","3","3","ug/m3 LC","13","1","100.0000","88502","Acceptable PM2.5 AQI & Speciation Mass","41620","Salt Lake City, UT","49","Utah","035","Salt Lake","40.736389","-111.872222"
"05/06/2013","490353006","3","5.3","ug/m3 LC","22","1","100.0000","88502","Acceptable PM2.5 AQI & Speciation Mass","41620","Salt Lake City, UT","49","Utah","035","Salt Lake","40.736389","-111.872222"
"05/07/2013","490353006","3","3.8","ug/m3 LC","16","1","100.0000","88502","Acceptable PM2.5 AQI & Speciation Mass","41620","Salt Lake City, UT","49","Utah","035","Salt Lake","40.736389","-111.872222"
"05/08/2013","490353006","3","4.5","ug/m3 LC","19","1","100.0000","88502","Acceptable PM2.5 AQI & Speciation Mass","41620","Salt Lake City, UT","49","Utah","035","Salt Lake","40.736389","-111.872222"
"05/09/2013","490353006","3","4.3","ug/m3 LC","18","1","100.0000","88502","Acceptable PM2.5 AQI & Speciation Mass","41620","Salt Lake City, UT","49","Utah","035","Salt Lake","40.736389","-111.872222"
"05/10/2013","490353006","3","5.1","ug/m3 LC","21","1","100.0000","88502","Acceptable PM2.5 AQI & Speciation Mass","41620","Salt Lake City, UT","49","Utah","035","Salt Lake","40.736389","-111.872222"
"05/11/2013","490353006","3","5.8","ug/m3 LC","24","1","100.0000","88502","Acceptable PM2.5 AQI & Speciation Mass","41620","Salt Lake City, UT","49","Utah","035","Salt Lake","40.736389","-111.872222"
"05/12/2013","490353006","3","6.4","ug/m3 LC","27","1","100.0000","88502","Acceptable PM2.5 AQI & Speciation Mass","41620","Salt Lake City, UT","49","Utah","035","Salt Lake","40.736389","-111.872222"
"05/13/2013","490353006","3","4.9","ug/m3 LC","20","1","100.0000","88502","Acceptable PM2.5 AQI & Speciation Mass","41620","Salt Lake City, UT","49","Utah","035","Salt Lake","40.736389","-111.872222"
"05/14/2013","490353006","3","5.2","ug/m3 LC","22","1","100.0000","88502","Acceptable PM2.5 AQI & Speciation Mass","41620","Salt Lake City, UT","49","Utah","035","Salt Lake","40.736389","-111.872222"
"05/15/2013","490353006","3","6.1","ug/m3 LC","25","1","100.0000","88502","Acceptable PM2.5 AQI & Speciation Mass","41620","Salt Lake City, UT","49","Utah","035","Salt Lake","40.736389","-111.872222"
"05/16/2013","490353006","3","5.7","ug/m3 LC","24","1","100.0000","88502","Acceptable PM2.5 AQI & Speciation Mass","41620","Salt Lake City, UT","49","Utah","035","Salt Lake","40.736389","-111.872222"
"05/17/2013","490353006","3","4.5","ug/m3 LC","19","1","100.0000","88502","Acceptable PM2.5 AQI & Speciation Mass","41620","Salt Lake City, UT","49","Utah","035","Salt Lake","40.736389","-111.872222"
"05/18/2013","490353006","3","2.4","ug/m3 LC","10","1","100.0000","88502","Acceptable PM2.5 AQI & Speciation Mass","41620","Salt Lake City, UT","49","Utah","035","Salt Lake","40.736389","-111.872222"
"05/19/2013","490353006","3","3.1","ug/m3 LC","13","1","100.0000","88502","Acceptable PM2.5 AQI & Speciation Mass","41620","Salt Lake City, UT","49","Utah","035","Salt Lake","40.736389","-111.872222"
"05/20/2013","490353006","3","2.6","ug/m3 LC","11","1","100.0000","88502","Acceptable PM2.5 AQI & Speciation Mass","41620","Salt Lake City, UT","49","Utah","035","Salt Lake","40.736389","-111.872222"
"05/21/2013","490353006","3","4.1","ug/m3 LC","17","1","100.0000","88502","Acceptable PM2.5 AQI & Speciation Mass","41620","Salt Lake City, UT","49","Utah","035","Salt Lake","40.736389","-111.872222"
"05/22/2013","490353006","3","4","ug/m3 LC","17","1","100.0000","88502","Acceptable PM2.5 AQI & Speciation Mass","41620","Salt Lake City, UT","49","Utah","035","Salt Lake","40.736389","-111.872222"
"05/23/2013","490353006","3","4.5","ug/m3 LC","19","1","100.0000","88502","Acceptable PM2.5 AQI & Speciation Mass","41620","Salt Lake City, UT","49","Utah","035","Salt Lake","40.736389","-111.872222"
"05/24/2013","490353006","3","3.3","ug/m3 LC","14","1","100.0000","88502","Acceptable PM2.5 AQI & Speciation Mass","41620","Salt Lake City, UT","49","Utah","035","Salt Lake","40.736389","-111.872222"
"05/25/2013","490353006","3","8.2","ug/m3 LC","34","1","100.0000","88502","Acceptable PM2.5 AQI & Speciation Mass","41620","Salt Lake City, UT","49","Utah","035","Salt Lake","40.736389","-111.872222"
"05/26/2013","490353006","3","4.4","ug/m3 LC","18","1","100.0000","88502","Acceptable PM2.5 AQI & Speciation Mass","41620","Salt Lake City, UT","49","Utah","035","Salt Lake","40.736389","-111.872222"
"05/27/2013","490353006","3","2.6","ug/m3 LC","11","1","100.0000","88502","Acceptable PM2.5 AQI & Speciation Mass","41620","Salt Lake City, UT","49","Utah","035","Salt Lake","40.736389","-111.872222"
"05/28/2013","490353006","3","2.5","ug/m3 LC","10","1","100.0000","88502","Acceptable PM2.5 AQI & Speciation Mass","41620","Salt Lake City, UT","49","Utah","035","Salt Lake","40.736389","-111.872222"
"05/29/2013","490353006","3","3.4","ug/m3 LC","14","1","100.0000","88502","Acceptable PM2.5 AQI & Speciation Mass","41620","Salt Lake City, UT","49","Utah","035","Salt Lake","40.736389","-111.872222"
"05/30/2013","490353006","3","1.9","ug/m3 LC","8","1","100.0000","88502","Acceptable PM2.5 AQI & Speciation Mass","41620","Salt Lake City, UT","49","Utah","035","Salt Lake","40.736389","-111.872222"
"05/31/2013","490353006","3","2.1","ug/m3 LC","9","1","100.0000","88502","Acceptable PM2.5 AQI & Speciation Mass","41620","Salt Lake City, UT","49","Utah","035","Salt Lake","40.736389","-111.872222"
"06/01/2013","490353006","3","3.1","ug/m3 LC","13","1","100.0000","88502","Acceptable PM2.5 AQI & Speciation Mass","41620","Salt Lake City, UT","49","Utah","035","Salt Lake","40.736389","-111.872222"
"06/02/2013","490353006","3","3.6","ug/m3 LC","15","1","100.0000","88502","Acceptable PM2.5 AQI & Speciation Mass","41620","Salt Lake City, UT","49","Utah","035","Salt Lake","40.736389","-111.872222"
"06/03/2013","490353006","3","2.8","ug/m3 LC","12","1","100.0000","88502","Acceptable PM2.5 AQI & Speciation Mass","41620","Salt Lake City, UT","49","Utah","035","Salt Lake","40.736389","-111.872222"
"06/04/2013","490353006","3","2.6","ug/m3 LC","11","1","100.0000","88502","Acceptable PM2.5 AQI & Speciation Mass","41620","Salt Lake City, UT","49","Utah","035","Salt Lake","40.736389","-111.872222"
"06/05/2013","490353006","3","3.2","ug/m3 LC","13","1","100.0000","88502","Acceptable PM2.5 AQI & Speciation Mass","41620","Salt Lake City, UT","49","Utah","035","Salt Lake","40.736389","-111.872222"
"06/06/2013","490353006","3","3.4","ug/m3 LC","14","1","100.0000","88502","Acceptable PM2.5 AQI & Speciation Mass","41620","Salt Lake City, UT","49","Utah","035","Salt Lake","40.736389","-111.872222"
"06/07/2013","490353006","3","4","ug/m3 LC","17","1","100.0000","88502","Acceptable PM2.5 AQI & Speciation Mass","41620","Salt Lake City, UT","49","Utah","035","Salt Lake","40.736389","-111.872222"
"06/08/2013","490353006","3","3.6","ug/m3 LC","15","1","100.0000","88502","Acceptable PM2.5 AQI & Speciation Mass","41620","Salt Lake City, UT","49","Utah","035","Salt Lake","40.736389","-111.872222"
"06/09/2013","490353006","3","4.1","ug/m3 LC","17","1","100.0000","88502","Acceptable PM2.5 AQI & Speciation Mass","41620","Salt Lake City, UT","49","Utah","035","Salt Lake","40.736389","-111.872222"
"06/10/2013","490353006","3","3.7","ug/m3 LC","15","1","100.0000","88502","Acceptable PM2.5 AQI & Speciation Mass","41620","Salt Lake City, UT","49","Utah","035","Salt Lake","40.736389","-111.872222"
"06/11/2013","490353006","3","5.3","ug/m3 LC","22","1","100.0000","88502","Acceptable PM2.5 AQI & Speciation Mass","41620","Salt Lake City, UT","49","Utah","035","Salt Lake","40.736389","-111.872222"
"06/12/2013","490353006","3","6.3","ug/m3 LC","26","1","100.0000","88502","Acceptable PM2.5 AQI & Speciation Mass","41620","Salt Lake City, UT","49","Utah","035","Salt Lake","40.736389","-111.872222"
"06/13/2013","490353006","3","6.3","ug/m3 LC","26","1","100.0000","88502","Acceptable PM2.5 AQI & Speciation Mass","41620","Salt Lake City, UT","49","Utah","035","Salt Lake","40.736389","-111.872222"
"06/14/2013","490353006","3","3","ug/m3 LC","13","1","100.0000","88502","Acceptable PM2.5 AQI & Speciation Mass","41620","Salt Lake City, UT","49","Utah","035","Salt Lake","40.736389","-111.872222"
"06/15/2013","490353006","3","5.7","ug/m3 LC","24","1","100.0000","88502","Acceptable PM2.5 AQI & Speciation Mass","41620","Salt Lake City, UT","49","Utah","035","Salt Lake","40.736389","-111.872222"
"06/16/2013","490353006","3","4.5","ug/m3 LC","19","1","100.0000","88502","Acceptable PM2.5 AQI & Speciation Mass","41620","Salt Lake City, UT","49","Utah","035","Salt Lake","40.736389","-111.872222"
"06/17/2013","490353006","3","6.2","ug/m3 LC","26","1","100.0000","88502","Acceptable PM2.5 AQI & Speciation Mass","41620","Salt Lake City, UT","49","Utah","035","Salt Lake","40.736389","-111.872222"
"06/18/2013","490353006","3","5.6","ug/m3 LC","23","1","100.0000","88502","Acceptable PM2.5 AQI & Speciation Mass","41620","Salt Lake City, UT","49","Utah","035","Salt Lake","40.736389","-111.872222"
"06/19/2013","490353006","3","4","ug/m3 LC","17","1","100.0000","88502","Acceptable PM2.5 AQI & Speciation Mass","41620","Salt Lake City, UT","49","Utah","035","Salt Lake","40.736389","-111.872222"
"06/20/2013","490353006","3","2.8","ug/m3 LC","12","1","100.0000","88502","Acceptable PM2.5 AQI & Speciation Mass","41620","Salt Lake City, UT","49","Utah","035","Salt Lake","40.736389","-111.872222"
"06/21/2013","490353006","3","3.2","ug/m3 LC","13","1","100.0000","88502","Acceptable PM2.5 AQI & Speciation Mass","41620","Salt Lake City, UT","49","Utah","035","Salt Lake","40.736389","-111.872222"
"06/22/2013","490353006","3","2.3","ug/m3 LC","10","1","100.0000","88502","Acceptable PM2.5 AQI & Speciation Mass","41620","Salt Lake City, UT","49","Utah","035","Salt Lake","40.736389","-111.872222"
"06/23/2013","490353006","3","4.7","ug/m3 LC","20","1","100.0000","88502","Acceptable PM2.5 AQI & Speciation Mass","41620","Salt Lake City, UT","49","Utah","035","Salt Lake","40.736389","-111.872222"
"06/24/2013","490353006","3","3.4","ug/m3 LC","14","1","100.0000","88502","Acceptable PM2.5 AQI & Speciation Mass","41620","Salt Lake City, UT","49","Utah","035","Salt Lake","40.736389","-111.872222"
"06/25/2013","490353006","3","4.4","ug/m3 LC","18","1","100.0000","88502","Acceptable PM2.5 AQI & Speciation Mass","41620","Salt Lake City, UT","49","Utah","035","Salt Lake","40.736389","-111.872222"
"06/26/2013","490353006","3","4.3","ug/m3 LC","18","1","100.0000","88502","Acceptable PM2.5 AQI & Speciation Mass","41620","Salt Lake City, UT","49","Utah","035","Salt Lake","40.736389","-111.872222"
"06/27/2013","490353006","3","6.4","ug/m3 LC","27","1","100.0000","88502","Acceptable PM2.5 AQI & Speciation Mass","41620","Salt Lake City, UT","49","Utah","035","Salt Lake","40.736389","-111.872222"
"06/28/2013","490353006","3","7.3","ug/m3 LC","30","1","100.0000","88502","Acceptable PM2.5 AQI & Speciation Mass","41620","Salt Lake City, UT","49","Utah","035","Salt Lake","40.736389","-111.872222"
"06/29/2013","490353006","3","4.7","ug/m3 LC","20","1","100.0000","88502","Acceptable PM2.5 AQI & Speciation Mass","41620","Salt Lake City, UT","49","Utah","035","Salt Lake","40.736389","-111.872222"
"06/30/2013","490353006","3","4.7","ug/m3 LC","20","1","100.0000","88502","Acceptable PM2.5 AQI & Speciation Mass","41620","Salt Lake City, UT","49","Utah","035","Salt Lake","40.736389","-111.872222"
"07/01/2013","490353006","3","4.7","ug/m3 LC","20","1","100.0000","88502","Acceptable PM2.5 AQI & Speciation Mass","41620","Salt Lake City, UT","49","Utah","035","Salt Lake","40.736389","-111.872222"
"07/02/2013","490353006","3","6.3","ug/m3 LC","26","1","100.0000","88502","Acceptable PM2.5 AQI & Speciation Mass","41620","Salt Lake City, UT","49","Utah","035","Salt Lake","40.736389","-111.872222"
"07/03/2013","490353006","3","8.5","ug/m3 LC","35","1","100.0000","88502","Acceptable PM2.5 AQI & Speciation Mass","41620","Salt Lake City, UT","49","Utah","035","Salt Lake","40.736389","-111.872222"
"07/04/2013","490353006","3","14.3","ug/m3 LC","56","1","100.0000","88502","Acceptable PM2.5 AQI & Speciation Mass","41620","Salt Lake City, UT","49","Utah","035","Salt Lake","40.736389","-111.872222"
"07/05/2013","490353006","3","7.5","ug/m3 LC","31","1","100.0000","88502","Acceptable PM2.5 AQI & Speciation Mass","41620","Salt Lake City, UT","49","Utah","035","Salt Lake","40.736389","-111.872222"
"07/06/2013","490353006","3","6.1","ug/m3 LC","25","1","100.0000","88502","Acceptable PM2.5 AQI & Speciation Mass","41620","Salt Lake City, UT","49","Utah","035","Salt Lake","40.736389","-111.872222"
"07/07/2013","490353006","3","6.2","ug/m3 LC","26","1","100.0000","88502","Acceptable PM2.5 AQI & Speciation Mass","41620","Salt Lake City, UT","49","Utah","035","Salt Lake","40.736389","-111.872222"
"07/08/2013","490353006","3","4.9","ug/m3 LC","20","1","100.0000","88502","Acceptable PM2.5 AQI & Speciation Mass","41620","Salt Lake City, UT","49","Utah","035","Salt Lake","40.736389","-111.872222"
"07/09/2013","490353006","3","8.2","ug/m3 LC","34","1","100.0000","88502","Acceptable PM2.5 AQI & Speciation Mass","41620","Salt Lake City, UT","49","Utah","035","Salt Lake","40.736389","-111.872222"
"07/10/2013","490353006","3","16.3","ug/m3 LC","60","1","100.0000","88502","Acceptable PM2.5 AQI & Speciation Mass","41620","Salt Lake City, UT","49","Utah","035","Salt Lake","40.736389","-111.872222"
"07/11/2013","490353006","3","8.5","ug/m3 LC","35","1","100.0000","88502","Acceptable PM2.5 AQI & Speciation Mass","41620","Salt Lake City, UT","49","Utah","035","Salt Lake","40.736389","-111.872222"
"07/12/2013","490353006","3","5.3","ug/m3 LC","22","1","100.0000","88502","Acceptable PM2.5 AQI & Speciation Mass","41620","Salt Lake City, UT","49","Utah","035","Salt Lake","40.736389","-111.872222"
"07/13/2013","490353006","3","4","ug/m3 LC","17","1","100.0000","88502","Acceptable PM2.5 AQI & Speciation Mass","41620","Salt Lake City, UT","49","Utah","035","Salt Lake","40.736389","-111.872222"
"07/14/2013","490353006","3","4","ug/m3 LC","17","1","100.0000","88502","Acceptable PM2.5 AQI & Speciation Mass","41620","Salt Lake City, UT","49","Utah","035","Salt Lake","40.736389","-111.872222"
"07/15/2013","490353006","3","5.4","ug/m3 LC","23","1","100.0000","88502","Acceptable PM2.5 AQI & Speciation Mass","41620","Salt Lake City, UT","49","Utah","035","Salt Lake","40.736389","-111.872222"
"07/16/2013","490353006","3","4.4","ug/m3 LC","18","1","100.0000","88502","Acceptable PM2.5 AQI & Speciation Mass","41620","Salt Lake City, UT","49","Utah","035","Salt Lake","40.736389","-111.872222"
"07/17/2013","490353006","3","5.1","ug/m3 LC","21","1","100.0000","88502","Acceptable PM2.5 AQI & Speciation Mass","41620","Salt Lake City, UT","49","Utah","035","Salt Lake","40.736389","-111.872222"
"07/18/2013","490353006","3","4.7","ug/m3 LC","20","1","100.0000","88502","Acceptable PM2.5 AQI & Speciation Mass","41620","Salt Lake City, UT","49","Utah","035","Salt Lake","40.736389","-111.872222"
"07/19/2013","490353006","3","7.8","ug/m3 LC","33","1","100.0000","88502","Acceptable PM2.5 AQI & Speciation Mass","41620","Salt Lake City, UT","49","Utah","035","Salt Lake","40.736389","-111.872222"
"07/20/2013","490353006","3","7.1","ug/m3 LC","30","1","100.0000","88502","Acceptable PM2.5 AQI & Speciation Mass","41620","Salt Lake City, UT","49","Utah","035","Salt Lake","40.736389","-111.872222"
"07/21/2013","490353006","3","6.5","ug/m3 LC","27","1","100.0000","88502","Acceptable PM2.5 AQI & Speciation Mass","41620","Salt Lake City, UT","49","Utah","035","Salt Lake","40.736389","-111.872222"
"07/22/2013","490353006","3","5.8","ug/m3 LC","24","1","100.0000","88502","Acceptable PM2.5 AQI & Speciation Mass","41620","Salt Lake City, UT","49","Utah","035","Salt Lake","40.736389","-111.872222"
"07/23/2013","490353006","3","5.6","ug/m3 LC","23","1","100.0000","88502","Acceptable PM2.5 AQI & Speciation Mass","41620","Salt Lake City, UT","49","Utah","035","Salt Lake","40.736389","-111.872222"
"07/24/2013","490353006","3","8.2","ug/m3 LC","34","1","100.0000","88502","Acceptable PM2.5 AQI & Speciation Mass","41620","Salt Lake City, UT","49","Utah","035","Salt Lake","40.736389","-111.872222"
"07/25/2013","490353006","3","5.7","ug/m3 LC","24","1","100.0000","88502","Acceptable PM2.5 AQI & Speciation Mass","41620","Salt Lake City, UT","49","Utah","035","Salt Lake","40.736389","-111.872222"
"07/26/2013","490353006","3","6.2","ug/m3 LC","26","1","100.0000","88502","Acceptable PM2.5 AQI & Speciation Mass","41620","Salt Lake City, UT","49","Utah","035","Salt Lake","40.736389","-111.872222"
"07/27/2013","490353006","3","6.4","ug/m3 LC","27","1","100.0000","88502","Acceptable PM2.5 AQI & Speciation Mass","41620","Salt Lake City, UT","49","Utah","035","Salt Lake","40.736389","-111.872222"
"07/28/2013","490353006","3","5.3","ug/m3 LC","22","1","100.0000","88502","Acceptable PM2.5 AQI & Speciation Mass","41620","Salt Lake City, UT","49","Utah","035","Salt Lake","40.736389","-111.872222"
"07/29/2013","490353006","3","3.3","ug/m3 LC","14","1","100.0000","88502","Acceptable PM2.5 AQI & Speciation Mass","41620","Salt Lake City, UT","49","Utah","035","Salt Lake","40.736389","-111.872222"
"07/30/2013","490353006","3","4.3","ug/m3 LC","18","1","100.0000","88502","Acceptable PM2.5 AQI & Speciation Mass","41620","Salt Lake City, UT","49","Utah","035","Salt Lake","40.736389","-111.872222"
"07/31/2013","490353006","3","4.6","ug/m3 LC","19","1","100.0000","88502","Acceptable PM2.5 AQI & Speciation Mass","41620","Salt Lake City, UT","49","Utah","035","Salt Lake","40.736389","-111.872222"
"08/01/2013","490353006","3","4","ug/m3 LC","17","1","100.0000","88502","Acceptable PM2.5 AQI & Speciation Mass","41620","Salt Lake City, UT","49","Utah","035","Salt Lake","40.736389","-111.872222"
"08/02/2013","490353006","3","9.5","ug/m3 LC","40","1","100.0000","88502","Acceptable PM2.5 AQI & Speciation Mass","41620","Salt Lake City, UT","49","Utah","035","Salt Lake","40.736389","-111.872222"
"08/03/2013","490353006","3","4.8","ug/m3 LC","20","1","100.0000","88502","Acceptable PM2.5 AQI & Speciation Mass","41620","Salt Lake City, UT","49","Utah","035","Salt Lake","40.736389","-111.872222"
"08/04/2013","490353006","3","3.1","ug/m3 LC","13","1","100.0000","88502","Acceptable PM2.5 AQI & Speciation Mass","41620","Salt Lake City, UT","49","Utah","035","Salt Lake","40.736389","-111.872222"
"08/05/2013","490353006","3","5","ug/m3 LC","21","1","100.0000","88502","Acceptable PM2.5 AQI & Speciation Mass","41620","Salt Lake City, UT","49","Utah","035","Salt Lake","40.736389","-111.872222"
"08/06/2013","490353006","3","5.7","ug/m3 LC","24","1","100.0000","88502","Acceptable PM2.5 AQI & Speciation Mass","41620","Salt Lake City, UT","49","Utah","035","Salt Lake","40.736389","-111.872222"
"08/07/2013","490353006","3","5.9","ug/m3 LC","25","1","100.0000","88502","Acceptable PM2.5 AQI & Speciation Mass","41620","Salt Lake City, UT","49","Utah","035","Salt Lake","40.736389","-111.872222"
"08/08/2013","490353006","3","4.2","ug/m3 LC","18","1","100.0000","88502","Acceptable PM2.5 AQI & Speciation Mass","41620","Salt Lake City, UT","49","Utah","035","Salt Lake","40.736389","-111.872222"
"08/09/2013","490353006","3","3.9","ug/m3 LC","16","1","100.0000","88502","Acceptable PM2.5 AQI & Speciation Mass","41620","Salt Lake City, UT","49","Utah","035","Salt Lake","40.736389","-111.872222"
"08/10/2013","490353006","3","3.8","ug/m3 LC","16","1","100.0000","88502","Acceptable PM2.5 AQI & Speciation Mass","41620","Salt Lake City, UT","49","Utah","035","Salt Lake","40.736389","-111.872222"
"08/11/2013","490353006","3","3","ug/m3 LC","13","1","100.0000","88502","Acceptable PM2.5 AQI & Speciation Mass","41620","Salt Lake City, UT","49","Utah","035","Salt Lake","40.736389","-111.872222"
"08/12/2013","490353006","3","5.4","ug/m3 LC","23","1","100.0000","88502","Acceptable PM2.5 AQI & Speciation Mass","41620","Salt Lake City, UT","49","Utah","035","Salt Lake","40.736389","-111.872222"
"08/13/2013","490353006","3","6","ug/m3 LC","25","1","100.0000","88502","Acceptable PM2.5 AQI & Speciation Mass","41620","Salt Lake City, UT","49","Utah","035","Salt Lake","40.736389","-111.872222"
"08/14/2013","490353006","3","7.2","ug/m3 LC","30","1","100.0000","88502","Acceptable PM2.5 AQI & Speciation Mass","41620","Salt Lake City, UT","49","Utah","035","Salt Lake","40.736389","-111.872222"
"08/15/2013","490353006","3","7.7","ug/m3 LC","32","1","100.0000","88502","Acceptable PM2.5 AQI & Speciation Mass","41620","Salt Lake City, UT","49","Utah","035","Salt Lake","40.736389","-111.872222"
"08/16/2013","490353006","3","10.4","ug/m3 LC","43","1","100.0000","88502","Acceptable PM2.5 AQI & Speciation Mass","41620","Salt Lake City, UT","49","Utah","035","Salt Lake","40.736389","-111.872222"
"08/17/2013","490353006","3","4.9","ug/m3 LC","20","1","100.0000","88502","Acceptable PM2.5 AQI & Speciation Mass","41620","Salt Lake City, UT","49","Utah","035","Salt Lake","40.736389","-111.872222"
"08/18/2013","490353006","3","4.5","ug/m3 LC","19","1","100.0000","88502","Acceptable PM2.5 AQI & Speciation Mass","41620","Salt Lake City, UT","49","Utah","035","Salt Lake","40.736389","-111.872222"
"08/19/2013","490353006","3","5.3","ug/m3 LC","22","1","100.0000","88502","Acceptable PM2.5 AQI & Speciation Mass","41620","Salt Lake City, UT","49","Utah","035","Salt Lake","40.736389","-111.872222"
"08/20/2013","490353006","3","5","ug/m3 LC","21","1","100.0000","88502","Acceptable PM2.5 AQI & Speciation Mass","41620","Salt Lake City, UT","49","Utah","035","Salt Lake","40.736389","-111.872222"
"08/21/2013","490353006","3","5","ug/m3 LC","21","1","100.0000","88502","Acceptable PM2.5 AQI & Speciation Mass","41620","Salt Lake City, UT","49","Utah","035","Salt Lake","40.736389","-111.872222"
"08/22/2013","490353006","3","5.1","ug/m3 LC","21","1","100.0000","88502","Acceptable PM2.5 AQI & Speciation Mass","41620","Salt Lake City, UT","49","Utah","035","Salt Lake","40.736389","-111.872222"
"08/23/2013","490353006","3","4.4","ug/m3 LC","18","1","100.0000","88502","Acceptable PM2.5 AQI & Speciation Mass","41620","Salt Lake City, UT","49","Utah","035","Salt Lake","40.736389","-111.872222"
"08/24/2013","490353006","3","3.9","ug/m3 LC","16","1","100.0000","88502","Acceptable PM2.5 AQI & Speciation Mass","41620","Salt Lake City, UT","49","Utah","035","Salt Lake","40.736389","-111.872222"
"08/25/2013","490353006","3","4.7","ug/m3 LC","20","1","100.0000","88502","Acceptable PM2.5 AQI & Speciation Mass","41620","Salt Lake City, UT","49","Utah","035","Salt Lake","40.736389","-111.872222"
"08/26/2013","490353006","3","3.4","ug/m3 LC","14","1","100.0000","88502","Acceptable PM2.5 AQI & Speciation Mass","41620","Salt Lake City, UT","49","Utah","035","Salt Lake","40.736389","-111.872222"
"08/27/2013","490353006","3","3.3","ug/m3 LC","14","1","100.0000","88502","Acceptable PM2.5 AQI & Speciation Mass","41620","Salt Lake City, UT","49","Utah","035","Salt Lake","40.736389","-111.872222"
"08/28/2013","490353006","3","4.6","ug/m3 LC","19","1","100.0000","88502","Acceptable PM2.5 AQI & Speciation Mass","41620","Salt Lake City, UT","49","Utah","035","Salt Lake","40.736389","-111.872222"
"08/29/2013","490353006","3","6.3","ug/m3 LC","26","1","100.0000","88502","Acceptable PM2.5 AQI & Speciation Mass","41620","Salt Lake City, UT","49","Utah","035","Salt Lake","40.736389","-111.872222"
"08/30/2013","490353006","3","5.2","ug/m3 LC","22","1","100.0000","88502","Acceptable PM2.5 AQI & Speciation Mass","41620","Salt Lake City, UT","49","Utah","035","Salt Lake","40.736389","-111.872222"
"08/31/2013","490353006","3","5.6","ug/m3 LC","23","1","100.0000","88502","Acceptable PM2.5 AQI & Speciation Mass","41620","Salt Lake City, UT","49","Utah","035","Salt Lake","40.736389","-111.872222"
"09/01/2013","490353006","3","5.4","ug/m3 LC","23","1","100.0000","88502","Acceptable PM2.5 AQI & Speciation Mass","41620","Salt Lake City, UT","49","Utah","035","Salt Lake","40.736389","-111.872222"
"09/02/2013","490353006","3","3.6","ug/m3 LC","15","1","100.0000","88502","Acceptable PM2.5 AQI & Speciation Mass","41620","Salt Lake City, UT","49","Utah","035","Salt Lake","40.736389","-111.872222"
"09/03/2013","490353006","3","6.9","ug/m3 LC","29","1","100.0000","88502","Acceptable PM2.5 AQI & Speciation Mass","41620","Salt Lake City, UT","49","Utah","035","Salt Lake","40.736389","-111.872222"
"09/04/2013","490353006","3","6","ug/m3 LC","25","1","100.0000","88502","Acceptable PM2.5 AQI & Speciation Mass","41620","Salt Lake City, UT","49","Utah","035","Salt Lake","40.736389","-111.872222"
"09/05/2013","490353006","3","4.7","ug/m3 LC","20","1","100.0000","88502","Acceptable PM2.5 AQI & Speciation Mass","41620","Salt Lake City, UT","49","Utah","035","Salt Lake","40.736389","-111.872222"
"09/06/2013","490353006","3","10.3","ug/m3 LC","43","1","100.0000","88502","Acceptable PM2.5 AQI & Speciation Mass","41620","Salt Lake City, UT","49","Utah","035","Salt Lake","40.736389","-111.872222"
"09/07/2013","490353006","3","6.9","ug/m3 LC","29","1","100.0000","88502","Acceptable PM2.5 AQI & Speciation Mass","41620","Salt Lake City, UT","49","Utah","035","Salt Lake","40.736389","-111.872222"
"09/08/2013","490353006","3","3.7","ug/m3 LC","15","1","100.0000","88502","Acceptable PM2.5 AQI & Speciation Mass","41620","Salt Lake City, UT","49","Utah","035","Salt Lake","40.736389","-111.872222"
"09/09/2013","490353006","3","5.8","ug/m3 LC","24","1","100.0000","88502","Acceptable PM2.5 AQI & Speciation Mass","41620","Salt Lake City, UT","49","Utah","035","Salt Lake","40.736389","-111.872222"
"09/10/2013","490353006","3","4.7","ug/m3 LC","20","1","100.0000","88502","Acceptable PM2.5 AQI & Speciation Mass","41620","Salt Lake City, UT","49","Utah","035","Salt Lake","40.736389","-111.872222"
"09/11/2013","490353006","3","2.9","ug/m3 LC","12","1","100.0000","88502","Acceptable PM2.5 AQI & Speciation Mass","41620","Salt Lake City, UT","49","Utah","035","Salt Lake","40.736389","-111.872222"
"09/12/2013","490353006","3","2.6","ug/m3 LC","11","1","100.0000","88502","Acceptable PM2.5 AQI & Speciation Mass","41620","Salt Lake City, UT","49","Utah","035","Salt Lake","40.736389","-111.872222"
"09/13/2013","490353006","3","4.2","ug/m3 LC","18","1","100.0000","88502","Acceptable PM2.5 AQI & Speciation Mass","41620","Salt Lake City, UT","49","Utah","035","Salt Lake","40.736389","-111.872222"
"09/14/2013","490353006","3","5.9","ug/m3 LC","25","1","100.0000","88502","Acceptable PM2.5 AQI & Speciation Mass","41620","Salt Lake City, UT","49","Utah","035","Salt Lake","40.736389","-111.872222"
"09/15/2013","490353006","3","4.7","ug/m3 LC","20","1","100.0000","88502","Acceptable PM2.5 AQI & Speciation Mass","41620","Salt Lake City, UT","49","Utah","035","Salt Lake","40.736389","-111.872222"
"09/16/2013","490353006","3","5.3","ug/m3 LC","22","1","100.0000","88502","Acceptable PM2.5 AQI & Speciation Mass","41620","Salt Lake City, UT","49","Utah","035","Salt Lake","40.736389","-111.872222"
"09/17/2013","490353006","3","5.1","ug/m3 LC","21","1","100.0000","88502","Acceptable PM2.5 AQI & Speciation Mass","41620","Salt Lake City, UT","49","Utah","035","Salt Lake","40.736389","-111.872222"
"09/18/2013","490353006","3","3.5","ug/m3 LC","15","1","100.0000","88502","Acceptable PM2.5 AQI & Speciation Mass","41620","Salt Lake City, UT","49","Utah","035","Salt Lake","40.736389","-111.872222"
"09/19/2013","490353006","3","2.9","ug/m3 LC","12","1","100.0000","88502","Acceptable PM2.5 AQI & Speciation Mass","41620","Salt Lake City, UT","49","Utah","035","Salt Lake","40.736389","-111.872222"
"09/20/2013","490353006","3","7.1","ug/m3 LC","30","1","100.0000","88502","Acceptable PM2.5 AQI & Speciation Mass","41620","Salt Lake City, UT","49","Utah","035","Salt Lake","40.736389","-111.872222"
"09/21/2013","490353006","3","4.7","ug/m3 LC","20","1","100.0000","88502","Acceptable PM2.5 AQI & Speciation Mass","41620","Salt Lake City, UT","49","Utah","035","Salt Lake","40.736389","-111.872222"
"09/22/2013","490353006","3","2.2","ug/m3 LC","9","1","100.0000","88502","Acceptable PM2.5 AQI & Speciation Mass","41620","Salt Lake City, UT","49","Utah","035","Salt Lake","40.736389","-111.872222"
"09/23/2013","490353006","3","2.8","ug/m3 LC","12","1","100.0000","88502","Acceptable PM2.5 AQI & Speciation Mass","41620","Salt Lake City, UT","49","Utah","035","Salt Lake","40.736389","-111.872222"
"09/24/2013","490353006","3","2.3","ug/m3 LC","10","1","100.0000","88502","Acceptable PM2.5 AQI & Speciation Mass","41620","Salt Lake City, UT","49","Utah","035","Salt Lake","40.736389","-111.872222"
"09/25/2013","490353006","3","3.2","ug/m3 LC","13","1","100.0000","88502","Acceptable PM2.5 AQI & Speciation Mass","41620","Salt Lake City, UT","49","Utah","035","Salt Lake","40.736389","-111.872222"
"09/26/2013","490353006","3","2.7","ug/m3 LC","11","1","100.0000","88502","Acceptable PM2.5 AQI & Speciation Mass","41620","Salt Lake City, UT","49","Utah","035","Salt Lake","40.736389","-111.872222"
"09/27/2013","490353006","3","3.5","ug/m3 LC","15","1","100.0000","88502","Acceptable PM2.5 AQI & Speciation Mass","41620","Salt Lake City, UT","49","Utah","035","Salt Lake","40.736389","-111.872222"
"09/28/2013","490353006","3","4.1","ug/m3 LC","17","1","100.0000","88502","Acceptable PM2.5 AQI & Speciation Mass","41620","Salt Lake City, UT","49","Utah","035","Salt Lake","40.736389","-111.872222"
"09/29/2013","490353006","3","2.1","ug/m3 LC","9","1","100.0000","88502","Acceptable PM2.5 AQI & Speciation Mass","41620","Salt Lake City, UT","49","Utah","035","Salt Lake","40.736389","-111.872222"
"09/30/2013","490353006","3","2.9","ug/m3 LC","12","1","100.0000","88502","Acceptable PM2.5 AQI & Speciation Mass","41620","Salt Lake City, UT","49","Utah","035","Salt Lake","40.736389","-111.872222"
"10/01/2013","490353006","3","4.9","ug/m3 LC","20","1","100.0000","88502","Acceptable PM2.5 AQI & Speciation Mass","41620","Salt Lake City, UT","49","Utah","035","Salt Lake","40.736389","-111.872222"
"10/02/2013","490353006","3","6.8","ug/m3 LC","28","1","100.0000","88502","Acceptable PM2.5 AQI & Speciation Mass","41620","Salt Lake City, UT","49","Utah","035","Salt Lake","40.736389","-111.872222"
"10/03/2013","490353006","3","2.7","ug/m3 LC","11","1","100.0000","88502","Acceptable PM2.5 AQI & Speciation Mass","41620","Salt Lake City, UT","49","Utah","035","Salt Lake","40.736389","-111.872222"
"10/04/2013","490353006","3","3.2","ug/m3 LC","13","1","100.0000","88502","Acceptable PM2.5 AQI & Speciation Mass","41620","Salt Lake City, UT","49","Utah","035","Salt Lake","40.736389","-111.872222"
"10/05/2013","490353006","3","6.5","ug/m3 LC","27","1","100.0000","88502","Acceptable PM2.5 AQI & Speciation Mass","41620","Salt Lake City, UT","49","Utah","035","Salt Lake","40.736389","-111.872222"
"10/06/2013","490353006","3","8","ug/m3 LC","33","1","100.0000","88502","Acceptable PM2.5 AQI & Speciation Mass","41620","Salt Lake City, UT","49","Utah","035","Salt Lake","40.736389","-111.872222"
"10/07/2013","490353006","3","5.2","ug/m3 LC","22","1","100.0000","88502","Acceptable PM2.5 AQI & Speciation Mass","41620","Salt Lake City, UT","49","Utah","035","Salt Lake","40.736389","-111.872222"
"10/08/2013","490353006","3","4.4","ug/m3 LC","18","1","100.0000","88502","Acceptable PM2.5 AQI & Speciation Mass","41620","Salt Lake City, UT","49","Utah","035","Salt Lake","40.736389","-111.872222"
"10/09/2013","490353006","3","5.9","ug/m3 LC","25","1","100.0000","88502","Acceptable PM2.5 AQI & Speciation Mass","41620","Salt Lake City, UT","49","Utah","035","Salt Lake","40.736389","-111.872222"
"10/10/2013","490353006","3","3.3","ug/m3 LC","14","1","100.0000","88502","Acceptable PM2.5 AQI & Speciation Mass","41620","Salt Lake City, UT","49","Utah","035","Salt Lake","40.736389","-111.872222"
"10/11/2013","490353006","3","5.6","ug/m3 LC","23","1","100.0000","88502","Acceptable PM2.5 AQI & Speciation Mass","41620","Salt Lake City, UT","49","Utah","035","Salt Lake","40.736389","-111.872222"
"10/12/2013","490353006","3","5.5","ug/m3 LC","23","1","100.0000","88502","Acceptable PM2.5 AQI & Speciation Mass","41620","Salt Lake City, UT","49","Utah","035","Salt Lake","40.736389","-111.872222"
"10/13/2013","490353006","3","4.2","ug/m3 LC","18","1","100.0000","88502","Acceptable PM2.5 AQI & Speciation Mass","41620","Salt Lake City, UT","49","Utah","035","Salt Lake","40.736389","-111.872222"
"10/14/2013","490353006","3","4.5","ug/m3 LC","19","1","100.0000","88502","Acceptable PM2.5 AQI & Speciation Mass","41620","Salt Lake City, UT","49","Utah","035","Salt Lake","40.736389","-111.872222"
"10/15/2013","490353006","3","3.5","ug/m3 LC","15","1","100.0000","88502","Acceptable PM2.5 AQI & Speciation Mass","41620","Salt Lake City, UT","49","Utah","035","Salt Lake","40.736389","-111.872222"
"10/16/2013","490353006","3","6.5","ug/m3 LC","27","1","100.0000","88502","Acceptable PM2.5 AQI & Speciation Mass","41620","Salt Lake City, UT","49","Utah","035","Salt Lake","40.736389","-111.872222"
"10/17/2013","490353006","3","6.4","ug/m3 LC","27","1","100.0000","88502","Acceptable PM2.5 AQI & Speciation Mass","41620","Salt Lake City, UT","49","Utah","035","Salt Lake","40.736389","-111.872222"
"10/18/2013","490353006","3","7.7","ug/m3 LC","32","1","100.0000","88502","Acceptable PM2.5 AQI & Speciation Mass","41620","Salt Lake City, UT","49","Utah","035","Salt Lake","40.736389","-111.872222"
"10/19/2013","490353006","3","6.8","ug/m3 LC","28","1","100.0000","88502","Acceptable PM2.5 AQI & Speciation Mass","41620","Salt Lake City, UT","49","Utah","035","Salt Lake","40.736389","-111.872222"
"10/20/2013","490353006","3","5.2","ug/m3 LC","22","1","100.0000","88502","Acceptable PM2.5 AQI & Speciation Mass","41620","Salt Lake City, UT","49","Utah","035","Salt Lake","40.736389","-111.872222"
"10/21/2013","490353006","3","7.1","ug/m3 LC","30","1","100.0000","88502","Acceptable PM2.5 AQI & Speciation Mass","41620","Salt Lake City, UT","49","Utah","035","Salt Lake","40.736389","-111.872222"
"10/22/2013","490353006","3","8.5","ug/m3 LC","35","1","100.0000","88502","Acceptable PM2.5 AQI & Speciation Mass","41620","Salt Lake City, UT","49","Utah","035","Salt Lake","40.736389","-111.872222"
"10/23/2013","490353006","3","11.3","ug/m3 LC","47","1","100.0000","88502","Acceptable PM2.5 AQI & Speciation Mass","41620","Salt Lake City, UT","49","Utah","035","Salt Lake","40.736389","-111.872222"
"10/24/2013","490353006","3","12.3","ug/m3 LC","51","1","100.0000","88502","Acceptable PM2.5 AQI & Speciation Mass","41620","Salt Lake City, UT","49","Utah","035","Salt Lake","40.736389","-111.872222"
"10/25/2013","490353006","3","14.4","ug/m3 LC","56","1","100.0000","88502","Acceptable PM2.5 AQI & Speciation Mass","41620","Salt Lake City, UT","49","Utah","035","Salt Lake","40.736389","-111.872222"
"10/26/2013","490353006","3","12","ug/m3 LC","50","1","100.0000","88502","Acceptable PM2.5 AQI & Speciation Mass","41620","Salt Lake City, UT","49","Utah","035","Salt Lake","40.736389","-111.872222"
"10/27/2013","490353006","3","5.8","ug/m3 LC","24","1","100.0000","88502","Acceptable PM2.5 AQI & Speciation Mass","41620","Salt Lake City, UT","49","Utah","035","Salt Lake","40.736389","-111.872222"
"10/28/2013","490353006","3","4.7","ug/m3 LC","20","1","100.0000","88502","Acceptable PM2.5 AQI & Speciation Mass","41620","Salt Lake City, UT","49","Utah","035","Salt Lake","40.736389","-111.872222"
"10/29/2013","490353006","3","3.3","ug/m3 LC","14","1","100.0000","88502","Acceptable PM2.5 AQI & Speciation Mass","41620","Salt Lake City, UT","49","Utah","035","Salt Lake","40.736389","-111.872222"
"10/30/2013","490353006","3","5.2","ug/m3 LC","22","1","100.0000","88502","Acceptable PM2.5 AQI & Speciation Mass","41620","Salt Lake City, UT","49","Utah","035","Salt Lake","40.736389","-111.872222"
"10/31/2013","490353006","3","7","ug/m3 LC","29","1","100.0000","88502","Acceptable PM2.5 AQI & Speciation Mass","41620","Salt Lake City, UT","49","Utah","035","Salt Lake","40.736389","-111.872222"
"12/01/2013","490353006","3","11.8","ug/m3 LC","49","1","100.0000","88502","Acceptable PM2.5 AQI & Speciation Mass","41620","Salt Lake City, UT","49","Utah","035","Salt Lake","40.736389","-111.872222"
"12/02/2013","490353006","3","3.1","ug/m3 LC","13","1","100.0000","88502","Acceptable PM2.5 AQI & Speciation Mass","41620","Salt Lake City, UT","49","Utah","035","Salt Lake","40.736389","-111.872222"
"12/03/2013","490353006","3","2.2","ug/m3 LC","9","1","100.0000","88502","Acceptable PM2.5 AQI & Speciation Mass","41620","Salt Lake City, UT","49","Utah","035","Salt Lake","40.736389","-111.872222"
"12/04/2013","490353006","3","4.7","ug/m3 LC","20","1","100.0000","88502","Acceptable PM2.5 AQI & Speciation Mass","41620","Salt Lake City, UT","49","Utah","035","Salt Lake","40.736389","-111.872222"
"12/05/2013","490353006","3","11.3","ug/m3 LC","47","1","100.0000","88502","Acceptable PM2.5 AQI & Speciation Mass","41620","Salt Lake City, UT","49","Utah","035","Salt Lake","40.736389","-111.872222"
"12/06/2013","490353006","3","13.7","ug/m3 LC","54","1","100.0000","88502","Acceptable PM2.5 AQI & Speciation Mass","41620","Salt Lake City, UT","49","Utah","035","Salt Lake","40.736389","-111.872222"
"12/07/2013","490353006","3","6.5","ug/m3 LC","27","1","100.0000","88502","Acceptable PM2.5 AQI & Speciation Mass","41620","Salt Lake City, UT","49","Utah","035","Salt Lake","40.736389","-111.872222"
"12/08/2013","490353006","3","6","ug/m3 LC","25","1","100.0000","88502","Acceptable PM2.5 AQI & Speciation Mass","41620","Salt Lake City, UT","49","Utah","035","Salt Lake","40.736389","-111.872222"
"12/09/2013","490353006","3","9.7","ug/m3 LC","40","1","100.0000","88502","Acceptable PM2.5 AQI & Speciation Mass","41620","Salt Lake City, UT","49","Utah","035","Salt Lake","40.736389","-111.872222"
"12/10/2013","490353006","3","16.7","ug/m3 LC","61","1","100.0000","88502","Acceptable PM2.5 AQI & Speciation Mass","41620","Salt Lake City, UT","49","Utah","035","Salt Lake","40.736389","-111.872222"
"12/11/2013","490353006","3","33.7","ug/m3 LC","96","1","100.0000","88502","Acceptable PM2.5 AQI & Speciation Mass","41620","Salt Lake City, UT","49","Utah","035","Salt Lake","40.736389","-111.872222"
"12/12/2013","490353006","3","44.1","ug/m3 LC","122","1","100.0000","88502","Acceptable PM2.5 AQI & Speciation Mass","41620","Salt Lake City, UT","49","Utah","035","Salt Lake","40.736389","-111.872222"
"12/13/2013","490353006","3","51.6","ug/m3 LC","141","1","100.0000","88502","Acceptable PM2.5 AQI & Speciation Mass","41620","Salt Lake City, UT","49","Utah","035","Salt Lake","40.736389","-111.872222"
"12/14/2013","490353006","3","55","ug/m3 LC","149","1","100.0000","88502","Acceptable PM2.5 AQI & Speciation Mass","41620","Salt Lake City, UT","49","Utah","035","Salt Lake","40.736389","-111.872222"
"12/15/2013","490353006","3","47.6","ug/m3 LC","131","1","100.0000","88502","Acceptable PM2.5 AQI & Speciation Mass","41620","Salt Lake City, UT","49","Utah","035","Salt Lake","40.736389","-111.872222"
"12/16/2013","490353006","3","38.2","ug/m3 LC","108","1","100.0000","88502","Acceptable PM2.5 AQI & Speciation Mass","41620","Salt Lake City, UT","49","Utah","035","Salt Lake","40.736389","-111.872222"
"12/17/2013","490353006","3","37.9","ug/m3 LC","107","1","100.0000","88502","Acceptable PM2.5 AQI & Speciation Mass","41620","Salt Lake City, UT","49","Utah","035","Salt Lake","40.736389","-111.872222"
"12/18/2013","490353006","3","33.4","ug/m3 LC","96","1","100.0000","88502","Acceptable PM2.5 AQI & Speciation Mass","41620","Salt Lake City, UT","49","Utah","035","Salt Lake","40.736389","-111.872222"
"12/19/2013","490353006","3","15.4","ug/m3 LC","58","1","100.0000","88502","Acceptable PM2.5 AQI & Speciation Mass","41620","Salt Lake City, UT","49","Utah","035","Salt Lake","40.736389","-111.872222"
"12/20/2013","490353006","3","15.9","ug/m3 LC","59","1","100.0000","88502","Acceptable PM2.5 AQI & Speciation Mass","41620","Salt Lake City, UT","49","Utah","035","Salt Lake","40.736389","-111.872222"
"12/21/2013","490353006","3","21.4","ug/m3 LC","71","1","100.0000","88502","Acceptable PM2.5 AQI & Speciation Mass","41620","Salt Lake City, UT","49","Utah","035","Salt Lake","40.736389","-111.872222"
"12/22/2013","490353006","3","13.3","ug/m3 LC","54","1","100.0000","88502","Acceptable PM2.5 AQI & Speciation Mass","41620","Salt Lake City, UT","49","Utah","035","Salt Lake","40.736389","-111.872222"
"12/23/2013","490353006","3","13.3","ug/m3 LC","54","1","100.0000","88502","Acceptable PM2.5 AQI & Speciation Mass","41620","Salt Lake City, UT","49","Utah","035","Salt Lake","40.736389","-111.872222"
"12/24/2013","490353006","3","7.4","ug/m3 LC","31","1","100.0000","88502","Acceptable PM2.5 AQI & Speciation Mass","41620","Salt Lake City, UT","49","Utah","035","Salt Lake","40.736389","-111.872222"
"12/25/2013","490353006","3","13.4","ug/m3 LC","54","1","100.0000","88502","Acceptable PM2.5 AQI & Speciation Mass","41620","Salt Lake City, UT","49","Utah","035","Salt Lake","40.736389","-111.872222"
"12/26/2013","490353006","3","25.3","ug/m3 LC","79","1","100.0000","88502","Acceptable PM2.5 AQI & Speciation Mass","41620","Salt Lake City, UT","49","Utah","035","Salt Lake","40.736389","-111.872222"
"12/27/2013","490353006","3","39.4","ug/m3 LC","111","1","100.0000","88502","Acceptable PM2.5 AQI & Speciation Mass","41620","Salt Lake City, UT","49","Utah","035","Salt Lake","40.736389","-111.872222"
"12/28/2013","490353006","3","36","ug/m3 LC","102","1","100.0000","88502","Acceptable PM2.5 AQI & Speciation Mass","41620","Salt Lake City, UT","49","Utah","035","Salt Lake","40.736389","-111.872222"
"12/29/2013","490353006","3","34.3","ug/m3 LC","98","1","100.0000","88502","Acceptable PM2.5 AQI & Speciation Mass","41620","Salt Lake City, UT","49","Utah","035","Salt Lake","40.736389","-111.872222"
"12/30/2013","490353006","3","42.3","ug/m3 LC","118","1","100.0000","88502","Acceptable PM2.5 AQI & Speciation Mass","41620","Salt Lake City, UT","49","Utah","035","Salt Lake","40.736389","-111.872222"
"12/31/2013","490353006","3","58.8","ug/m3 LC","153","1","100.0000","88502","Acceptable PM2.5 AQI & Speciation Mass","41620","Salt Lake City, UT","49","Utah","035","Salt Lake","40.736389","-111.872222"
"01/04/2013","490353006","5","40.8","ug/m3 LC","114","1","100.0000","88502","Acceptable PM2.5 AQI & Speciation Mass","41620","Salt Lake City, UT","49","Utah","035","Salt Lake","40.736389","-111.872222"
"01/07/2013","490353006","5","52.1","ug/m3 LC","142","1","100.0000","88502","Acceptable PM2.5 AQI & Speciation Mass","41620","Salt Lake City, UT","49","Utah","035","Salt Lake","40.736389","-111.872222"
"01/10/2013","490353006","5","4.3","ug/m3 LC","18","1","100.0000","88502","Acceptable PM2.5 AQI & Speciation Mass","41620","Salt Lake City, UT","49","Utah","035","Salt Lake","40.736389","-111.872222"
"01/13/2013","490353006","5","10.3","ug/m3 LC","43","1","100.0000","88502","Acceptable PM2.5 AQI & Speciation Mass","41620","Salt Lake City, UT","49","Utah","035","Salt Lake","40.736389","-111.872222"
"01/22/2013","490353006","5","46.4","ug/m3 LC","128","1","100.0000","88502","Acceptable PM2.5 AQI & Speciation Mass","41620","Salt Lake City, UT","49","Utah","035","Salt Lake","40.736389","-111.872222"
"01/25/2013","490353006","5","56.5","ug/m3 LC","152","1","100.0000","88502","Acceptable PM2.5 AQI & Speciation Mass","41620","Salt Lake City, UT","49","Utah","035","Salt Lake","40.736389","-111.872222"
"01/28/2013","490353006","5","9.2","ug/m3 LC","38","1","100.0000","88502","Acceptable PM2.5 AQI & Speciation Mass","41620","Salt Lake City, UT","49","Utah","035","Salt Lake","40.736389","-111.872222"
"01/31/2013","490353006","5","13.3","ug/m3 LC","54","1","100.0000","88502","Acceptable PM2.5 AQI & Speciation Mass","41620","Salt Lake City, UT","49","Utah","035","Salt Lake","40.736389","-111.872222"
"02/03/2013","490353006","5","42.7","ug/m3 LC","119","1","100.0000","88502","Acceptable PM2.5 AQI & Speciation Mass","41620","Salt Lake City, UT","49","Utah","035","Salt Lake","40.736389","-111.872222"
"02/06/2013","490353006","5","40.9","ug/m3 LC","114","1","100.0000","88502","Acceptable PM2.5 AQI & Speciation Mass","41620","Salt Lake City, UT","49","Utah","035","Salt Lake","40.736389","-111.872222"
"02/12/2013","490353006","5","13.8","ug/m3 LC","55","1","100.0000","88502","Acceptable PM2.5 AQI & Speciation Mass","41620","Salt Lake City, UT","49","Utah","035","Salt Lake","40.736389","-111.872222"
"02/15/2013","490353006","5","16.3","ug/m3 LC","60","1","100.0000","88502","Acceptable PM2.5 AQI & Speciation Mass","41620","Salt Lake City, UT","49","Utah","035","Salt Lake","40.736389","-111.872222"
"02/18/2013","490353006","5","7.4","ug/m3 LC","31","1","100.0000","88502","Acceptable PM2.5 AQI & Speciation Mass","41620","Salt Lake City, UT","49","Utah","035","Salt Lake","40.736389","-111.872222"
"02/21/2013","490353006","5","4.9","ug/m3 LC","20","1","100.0000","88502","Acceptable PM2.5 AQI & Speciation Mass","41620","Salt Lake City, UT","49","Utah","035","Salt Lake","40.736389","-111.872222"
"02/24/2013","490353006","5","7.4","ug/m3 LC","31","1","100.0000","88502","Acceptable PM2.5 AQI & Speciation Mass","41620","Salt Lake City, UT","49","Utah","035","Salt Lake","40.736389","-111.872222"
"02/27/2013","490353006","5","6.2","ug/m3 LC","26","1","100.0000","88502","Acceptable PM2.5 AQI & Speciation Mass","41620","Salt Lake City, UT","49","Utah","035","Salt Lake","40.736389","-111.872222"
"03/02/2013","490353006","5","26.4","ug/m3 LC","81","1","100.0000","88502","Acceptable PM2.5 AQI & Speciation Mass","41620","Salt Lake City, UT","49","Utah","035","Salt Lake","40.736389","-111.872222"
"03/05/2013","490353006","5","9.7","ug/m3 LC","40","1","100.0000","88502","Acceptable PM2.5 AQI & Speciation Mass","41620","Salt Lake City, UT","49","Utah","035","Salt Lake","40.736389","-111.872222"
"03/08/2013","490353006","5","9.8","ug/m3 LC","41","1","100.0000","88502","Acceptable PM2.5 AQI & Speciation Mass","41620","Salt Lake City, UT","49","Utah","035","Salt Lake","40.736389","-111.872222"
"03/11/2013","490353006","5","5","ug/m3 LC","21","1","100.0000","88502","Acceptable PM2.5 AQI & Speciation Mass","41620","Salt Lake City, UT","49","Utah","035","Salt Lake","40.736389","-111.872222"
"03/14/2013","490353006","5","7","ug/m3 LC","29","1","100.0000","88502","Acceptable PM2.5 AQI & Speciation Mass","41620","Salt Lake City, UT","49","Utah","035","Salt Lake","40.736389","-111.872222"
"03/17/2013","490353006","5","3.5","ug/m3 LC","15","1","100.0000","88502","Acceptable PM2.5 AQI & Speciation Mass","41620","Salt Lake City, UT","49","Utah","035","Salt Lake","40.736389","-111.872222"
"03/20/2013","490353006","5","3.8","ug/m3 LC","16","1","100.0000","88502","Acceptable PM2.5 AQI & Speciation Mass","41620","Salt Lake City, UT","49","Utah","035","Salt Lake","40.736389","-111.872222"
"03/26/2013","490353006","5","5.3","ug/m3 LC","22","1","100.0000","88502","Acceptable PM2.5 AQI & Speciation Mass","41620","Salt Lake City, UT","49","Utah","035","Salt Lake","40.736389","-111.872222"
"03/29/2013","490353006","5","6.6","ug/m3 LC","28","1","100.0000","88502","Acceptable PM2.5 AQI & Speciation Mass","41620","Salt Lake City, UT","49","Utah","035","Salt Lake","40.736389","-111.872222"
"04/01/2013","490353006","5","2.6","ug/m3 LC","11","1","100.0000","88502","Acceptable PM2.5 AQI & Speciation Mass","41620","Salt Lake City, UT","49","Utah","035","Salt Lake","40.736389","-111.872222"
"04/07/2013","490353006","5","6.4","ug/m3 LC","27","1","100.0000","88502","Acceptable PM2.5 AQI & Speciation Mass","41620","Salt Lake City, UT","49","Utah","035","Salt Lake","40.736389","-111.872222"
"04/10/2013","490353006","5","4.3","ug/m3 LC","18","1","100.0000","88502","Acceptable PM2.5 AQI & Speciation Mass","41620","Salt Lake City, UT","49","Utah","035","Salt Lake","40.736389","-111.872222"
"04/13/2013","490353006","5","4.5","ug/m3 LC","19","1","100.0000","88502","Acceptable PM2.5 AQI & Speciation Mass","41620","Salt Lake City, UT","49","Utah","035","Salt Lake","40.736389","-111.872222"
"04/16/2013","490353006","5","3","ug/m3 LC","13","1","100.0000","88502","Acceptable PM2.5 AQI & Speciation Mass","41620","Salt Lake City, UT","49","Utah","035","Salt Lake","40.736389","-111.872222"
"04/19/2013","490353006","5","3.5","ug/m3 LC","15","1","100.0000","88502","Acceptable PM2.5 AQI & Speciation Mass","41620","Salt Lake City, UT","49","Utah","035","Salt Lake","40.736389","-111.872222"
"04/22/2013","490353006","5","3","ug/m3 LC","13","1","100.0000","88502","Acceptable PM2.5 AQI & Speciation Mass","41620","Salt Lake City, UT","49","Utah","035","Salt Lake","40.736389","-111.872222"
"04/25/2013","490353006","5","7.1","ug/m3 LC","30","1","100.0000","88502","Acceptable PM2.5 AQI & Speciation Mass","41620","Salt Lake City, UT","49","Utah","035","Salt Lake","40.736389","-111.872222"
"04/28/2013","490353006","5","7.9","ug/m3 LC","33","1","100.0000","88502","Acceptable PM2.5 AQI & Speciation Mass","41620","Salt Lake City, UT","49","Utah","035","Salt Lake","40.736389","-111.872222"
"05/01/2013","490353006","5","2.1","ug/m3 LC","9","1","100.0000","88502","Acceptable PM2.5 AQI & Speciation Mass","41620","Salt Lake City, UT","49","Utah","035","Salt Lake","40.736389","-111.872222"
"05/04/2013","490353006","5","6","ug/m3 LC","25","1","100.0000","88502","Acceptable PM2.5 AQI & Speciation Mass","41620","Salt Lake City, UT","49","Utah","035","Salt Lake","40.736389","-111.872222"
"05/07/2013","490353006","5","3.9","ug/m3 LC","16","1","100.0000","88502","Acceptable PM2.5 AQI & Speciation Mass","41620","Salt Lake City, UT","49","Utah","035","Salt Lake","40.736389","-111.872222"
"05/10/2013","490353006","5","6.8","ug/m3 LC","28","1","100.0000","88502","Acceptable PM2.5 AQI & Speciation Mass","41620","Salt Lake City, UT","49","Utah","035","Salt Lake","40.736389","-111.872222"
"05/16/2013","490353006","5","5.5","ug/m3 LC","23","1","100.0000","88502","Acceptable PM2.5 AQI & Speciation Mass","41620","Salt Lake City, UT","49","Utah","035","Salt Lake","40.736389","-111.872222"
"05/19/2013","490353006","5","3.4","ug/m3 LC","14","1","100.0000","88502","Acceptable PM2.5 AQI & Speciation Mass","41620","Salt Lake City, UT","49","Utah","035","Salt Lake","40.736389","-111.872222"
"05/22/2013","490353006","5","6","ug/m3 LC","25","1","100.0000","88502","Acceptable PM2.5 AQI & Speciation Mass","41620","Salt Lake City, UT","49","Utah","035","Salt Lake","40.736389","-111.872222"
"05/25/2013","490353006","5","8.1","ug/m3 LC","34","1","100.0000","88502","Acceptable PM2.5 AQI & Speciation Mass","41620","Salt Lake City, UT","49","Utah","035","Salt Lake","40.736389","-111.872222"
"05/28/2013","490353006","5","3.1","ug/m3 LC","13","1","100.0000","88502","Acceptable PM2.5 AQI & Speciation Mass","41620","Salt Lake City, UT","49","Utah","035","Salt Lake","40.736389","-111.872222"
"05/31/2013","490353006","5","4.9","ug/m3 LC","20","1","100.0000","88502","Acceptable PM2.5 AQI & Speciation Mass","41620","Salt Lake City, UT","49","Utah","035","Salt Lake","40.736389","-111.872222"
"06/03/2013","490353006","5","3.6","ug/m3 LC","15","1","100.0000","88502","Acceptable PM2.5 AQI & Speciation Mass","41620","Salt Lake City, UT","49","Utah","035","Salt Lake","40.736389","-111.872222"
"06/06/2013","490353006","5","4.9","ug/m3 LC","20","1","100.0000","88502","Acceptable PM2.5 AQI & Speciation Mass","41620","Salt Lake City, UT","49","Utah","035","Salt Lake","40.736389","-111.872222"
"06/09/2013","490353006","5","6.1","ug/m3 LC","25","1","100.0000","88502","Acceptable PM2.5 AQI & Speciation Mass","41620","Salt Lake City, UT","49","Utah","035","Salt Lake","40.736389","-111.872222"
"06/12/2013","490353006","5","8","ug/m3 LC","33","1","100.0000","88502","Acceptable PM2.5 AQI & Speciation Mass","41620","Salt Lake City, UT","49","Utah","035","Salt Lake","40.736389","-111.872222"
"06/15/2013","490353006","5","5.1","ug/m3 LC","21","1","100.0000","88502","Acceptable PM2.5 AQI & Speciation Mass","41620","Salt Lake City, UT","49","Utah","035","Salt Lake","40.736389","-111.872222"
"06/18/2013","490353006","5","6.1","ug/m3 LC","25","1","100.0000","88502","Acceptable PM2.5 AQI & Speciation Mass","41620","Salt Lake City, UT","49","Utah","035","Salt Lake","40.736389","-111.872222"
"06/21/2013","490353006","5","4.2","ug/m3 LC","18","1","100.0000","88502","Acceptable PM2.5 AQI & Speciation Mass","41620","Salt Lake City, UT","49","Utah","035","Salt Lake","40.736389","-111.872222"
"06/24/2013","490353006","5","4.7","ug/m3 LC","20","1","100.0000","88502","Acceptable PM2.5 AQI & Speciation Mass","41620","Salt Lake City, UT","49","Utah","035","Salt Lake","40.736389","-111.872222"
"06/27/2013","490353006","5","8.1","ug/m3 LC","34","1","100.0000","88502","Acceptable PM2.5 AQI & Speciation Mass","41620","Salt Lake City, UT","49","Utah","035","Salt Lake","40.736389","-111.872222"
"06/30/2013","490353006","5","4.8","ug/m3 LC","20","1","100.0000","88502","Acceptable PM2.5 AQI & Speciation Mass","41620","Salt Lake City, UT","49","Utah","035","Salt Lake","40.736389","-111.872222"
"07/06/2013","490353006","5","7.1","ug/m3 LC","30","1","100.0000","88502","Acceptable PM2.5 AQI & Speciation Mass","41620","Salt Lake City, UT","49","Utah","035","Salt Lake","40.736389","-111.872222"
"07/09/2013","490353006","5","9.6","ug/m3 LC","40","1","100.0000","88502","Acceptable PM2.5 AQI & Speciation Mass","41620","Salt Lake City, UT","49","Utah","035","Salt Lake","40.736389","-111.872222"
"07/12/2013","490353006","5","5.8","ug/m3 LC","24","1","100.0000","88502","Acceptable PM2.5 AQI & Speciation Mass","41620","Salt Lake City, UT","49","Utah","035","Salt Lake","40.736389","-111.872222"
"07/18/2013","490353006","5","7","ug/m3 LC","29","1","100.0000","88502","Acceptable PM2.5 AQI & Speciation Mass","41620","Salt Lake City, UT","49","Utah","035","Salt Lake","40.736389","-111.872222"
"07/21/2013","490353006","5","8","ug/m3 LC","33","1","100.0000","88502","Acceptable PM2.5 AQI & Speciation Mass","41620","Salt Lake City, UT","49","Utah","035","Salt Lake","40.736389","-111.872222"
"07/24/2013","490353006","5","9.3","ug/m3 LC","39","1","100.0000","88502","Acceptable PM2.5 AQI & Speciation Mass","41620","Salt Lake City, UT","49","Utah","035","Salt Lake","40.736389","-111.872222"
"07/27/2013","490353006","5","6.9","ug/m3 LC","29","1","100.0000","88502","Acceptable PM2.5 AQI & Speciation Mass","41620","Salt Lake City, UT","49","Utah","035","Salt Lake","40.736389","-111.872222"
"07/30/2013","490353006","5","6.8","ug/m3 LC","28","1","100.0000","88502","Acceptable PM2.5 AQI & Speciation Mass","41620","Salt Lake City, UT","49","Utah","035","Salt Lake","40.736389","-111.872222"
"08/02/2013","490353006","5","11.3","ug/m3 LC","47","1","100.0000","88502","Acceptable PM2.5 AQI & Speciation Mass","41620","Salt Lake City, UT","49","Utah","035","Salt Lake","40.736389","-111.872222"
"08/05/2013","490353006","5","6.1","ug/m3 LC","25","1","100.0000","88502","Acceptable PM2.5 AQI & Speciation Mass","41620","Salt Lake City, UT","49","Utah","035","Salt Lake","40.736389","-111.872222"
"08/08/2013","490353006","5","5.9","ug/m3 LC","25","1","100.0000","88502","Acceptable PM2.5 AQI & Speciation Mass","41620","Salt Lake City, UT","49","Utah","035","Salt Lake","40.736389","-111.872222"
"08/11/2013","490353006","5","8.8","ug/m3 LC","37","1","100.0000","88502","Acceptable PM2.5 AQI & Speciation Mass","41620","Salt Lake City, UT","49","Utah","035","Salt Lake","40.736389","-111.872222"
"08/14/2013","490353006","5","8.1","ug/m3 LC","34","1","100.0000","88502","Acceptable PM2.5 AQI & Speciation Mass","41620","Salt Lake City, UT","49","Utah","035","Salt Lake","40.736389","-111.872222"
"08/17/2013","490353006","5","4.9","ug/m3 LC","20","1","100.0000","88502","Acceptable PM2.5 AQI & Speciation Mass","41620","Salt Lake City, UT","49","Utah","035","Salt Lake","40.736389","-111.872222"
"08/20/2013","490353006","5","5.1","ug/m3 LC","21","1","100.0000","88502","Acceptable PM2.5 AQI & Speciation Mass","41620","Salt Lake City, UT","49","Utah","035","Salt Lake","40.736389","-111.872222"
"08/23/2013","490353006","5","3.7","ug/m3 LC","15","1","100.0000","88502","Acceptable PM2.5 AQI & Speciation Mass","41620","Salt Lake City, UT","49","Utah","035","Salt Lake","40.736389","-111.872222"
"08/26/2013","490353006","5","3.9","ug/m3 LC","16","1","100.0000","88502","Acceptable PM2.5 AQI & Speciation Mass","41620","Salt Lake City, UT","49","Utah","035","Salt Lake","40.736389","-111.872222"
"08/29/2013","490353006","5","6.7","ug/m3 LC","28","1","100.0000","88502","Acceptable PM2.5 AQI & Speciation Mass","41620","Salt Lake City, UT","49","Utah","035","Salt Lake","40.736389","-111.872222"
"09/01/2013","490353006","5","6.3","ug/m3 LC","26","1","100.0000","88502","Acceptable PM2.5 AQI & Speciation Mass","41620","Salt Lake City, UT","49","Utah","035","Salt Lake","40.736389","-111.872222"
"09/04/2013","490353006","5","6.5","ug/m3 LC","27","1","100.0000","88502","Acceptable PM2.5 AQI & Speciation Mass","41620","Salt Lake City, UT","49","Utah","035","Salt Lake","40.736389","-111.872222"
"09/07/2013","490353006","5","7.4","ug/m3 LC","31","1","100.0000","88502","Acceptable PM2.5 AQI & Speciation Mass","41620","Salt Lake City, UT","49","Utah","035","Salt Lake","40.736389","-111.872222"
"09/10/2013","490353006","5","5.1","ug/m3 LC","21","1","100.0000","88502","Acceptable PM2.5 AQI & Speciation Mass","41620","Salt Lake City, UT","49","Utah","035","Salt Lake","40.736389","-111.872222"
"09/13/2013","490353006","5","4.6","ug/m3 LC","19","1","100.0000","88502","Acceptable PM2.5 AQI & Speciation Mass","41620","Salt Lake City, UT","49","Utah","035","Salt Lake","40.736389","-111.872222"
"09/16/2013","490353006","5","5.3","ug/m3 LC","22","1","100.0000","88502","Acceptable PM2.5 AQI & Speciation Mass","41620","Salt Lake City, UT","49","Utah","035","Salt Lake","40.736389","-111.872222"
"09/19/2013","490353006","5","3.9","ug/m3 LC","16","1","100.0000","88502","Acceptable PM2.5 AQI & Speciation Mass","41620","Salt Lake City, UT","49","Utah","035","Salt Lake","40.736389","-111.872222"
"09/22/2013","490353006","5","3.7","ug/m3 LC","15","1","100.0000","88502","Acceptable PM2.5 AQI & Speciation Mass","41620","Salt Lake City, UT","49","Utah","035","Salt Lake","40.736389","-111.872222"
"09/25/2013","490353006","5","3.4","ug/m3 LC","14","1","100.0000","88502","Acceptable PM2.5 AQI & Speciation Mass","41620","Salt Lake City, UT","49","Utah","035","Salt Lake","40.736389","-111.872222"
"09/28/2013","490353006","5","5.9","ug/m3 LC","25","1","100.0000","88502","Acceptable PM2.5 AQI & Speciation Mass","41620","Salt Lake City, UT","49","Utah","035","Salt Lake","40.736389","-111.872222"
"10/01/2013","490353006","5","4.1","ug/m3 LC","17","1","100.0000","88502","Acceptable PM2.5 AQI & Speciation Mass","41620","Salt Lake City, UT","49","Utah","035","Salt Lake","40.736389","-111.872222"
"10/04/2013","490353006","5","2.8","ug/m3 LC","12","1","100.0000","88502","Acceptable PM2.5 AQI & Speciation Mass","41620","Salt Lake City, UT","49","Utah","035","Salt Lake","40.736389","-111.872222"
"10/07/2013","490353006","5","5.6","ug/m3 LC","23","1","100.0000","88502","Acceptable PM2.5 AQI & Speciation Mass","41620","Salt Lake City, UT","49","Utah","035","Salt Lake","40.736389","-111.872222"
"10/10/2013","490353006","5","3.8","ug/m3 LC","16","1","100.0000","88502","Acceptable PM2.5 AQI & Speciation Mass","41620","Salt Lake City, UT","49","Utah","035","Salt Lake","40.736389","-111.872222"
"10/13/2013","490353006","5","3.7","ug/m3 LC","15","1","100.0000","88502","Acceptable PM2.5 AQI & Speciation Mass","41620","Salt Lake City, UT","49","Utah","035","Salt Lake","40.736389","-111.872222"
"10/16/2013","490353006","5","5.9","ug/m3 LC","25","1","100.0000","88502","Acceptable PM2.5 AQI & Speciation Mass","41620","Salt Lake City, UT","49","Utah","035","Salt Lake","40.736389","-111.872222"
"10/19/2013","490353006","5","9.7","ug/m3 LC","40","1","100.0000","88502","Acceptable PM2.5 AQI & Speciation Mass","41620","Salt Lake City, UT","49","Utah","035","Salt Lake","40.736389","-111.872222"
"10/22/2013","490353006","5","7.6","ug/m3 LC","32","1","100.0000","88502","Acceptable PM2.5 AQI & Speciation Mass","41620","Salt Lake City, UT","49","Utah","035","Salt Lake","40.736389","-111.872222"
"10/25/2013","490353006","5","12.6","ug/m3 LC","52","1","100.0000","88502","Acceptable PM2.5 AQI & Speciation Mass","41620","Salt Lake City, UT","49","Utah","035","Salt Lake","40.736389","-111.872222"
"10/28/2013","490353006","5","5.8","ug/m3 LC","24","1","100.0000","88502","Acceptable PM2.5 AQI & Speciation Mass","41620","Salt Lake City, UT","49","Utah","035","Salt Lake","40.736389","-111.872222"
"10/31/2013","490353006","5","6.3","ug/m3 LC","26","1","100.0000","88502","Acceptable PM2.5 AQI & Speciation Mass","41620","Salt Lake City, UT","49","Utah","035","Salt Lake","40.736389","-111.872222"
"11/06/2013","490353006","5","3.3","ug/m3 LC","14","1","100.0000","88502","Acceptable PM2.5 AQI & Speciation Mass","41620","Salt Lake City, UT","49","Utah","035","Salt Lake","40.736389","-111.872222"
"11/09/2013","490353006","5","9.2","ug/m3 LC","38","1","100.0000","88502","Acceptable PM2.5 AQI & Speciation Mass","41620","Salt Lake City, UT","49","Utah","035","Salt Lake","40.736389","-111.872222"
"11/12/2013","490353006","5","13.8","ug/m3 LC","55","1","100.0000","88502","Acceptable PM2.5 AQI & Speciation Mass","41620","Salt Lake City, UT","49","Utah","035","Salt Lake","40.736389","-111.872222"
"11/15/2013","490353006","5","6.7","ug/m3 LC","28","1","100.0000","88502","Acceptable PM2.5 AQI & Speciation Mass","41620","Salt Lake City, UT","49","Utah","035","Salt Lake","40.736389","-111.872222"
"11/18/2013","490353006","5","4.5","ug/m3 LC","19","1","100.0000","88502","Acceptable PM2.5 AQI & Speciation Mass","41620","Salt Lake City, UT","49","Utah","035","Salt Lake","40.736389","-111.872222"
"11/21/2013","490353006","5","3","ug/m3 LC","13","1","100.0000","88502","Acceptable PM2.5 AQI & Speciation Mass","41620","Salt Lake City, UT","49","Utah","035","Salt Lake","40.736389","-111.872222"
"11/27/2013","490353006","5","18.9","ug/m3 LC","65","1","100.0000","88502","Acceptable PM2.5 AQI & Speciation Mass","41620","Salt Lake City, UT","49","Utah","035","Salt Lake","40.736389","-111.872222"
"11/30/2013","490353006","5","12.8","ug/m3 LC","52","1","100.0000","88502","Acceptable PM2.5 AQI & Speciation Mass","41620","Salt Lake City, UT","49","Utah","035","Salt Lake","40.736389","-111.872222"
"12/03/2013","490353006","5","2.9","ug/m3 LC","12","1","100.0000","88502","Acceptable PM2.5 AQI & Speciation Mass","41620","Salt Lake City, UT","49","Utah","035","Salt Lake","40.736389","-111.872222"
"12/06/2013","490353006","5","14.1","ug/m3 LC","55","1","100.0000","88502","Acceptable PM2.5 AQI & Speciation Mass","41620","Salt Lake City, UT","49","Utah","035","Salt Lake","40.736389","-111.872222"
"12/09/2013","490353006","5","10.1","ug/m3 LC","42","1","100.0000","88502","Acceptable PM2.5 AQI & Speciation Mass","41620","Salt Lake City, UT","49","Utah","035","Salt Lake","40.736389","-111.872222"
"12/12/2013","490353006","5","49.5","ug/m3 LC","135","1","100.0000","88502","Acceptable PM2.5 AQI & Speciation Mass","41620","Salt Lake City, UT","49","Utah","035","Salt Lake","40.736389","-111.872222"
"12/15/2013","490353006","5","54.5","ug/m3 LC","148","1","100.0000","88502","Acceptable PM2.5 AQI & Speciation Mass","41620","Salt Lake City, UT","49","Utah","035","Salt Lake","40.736389","-111.872222"
"12/18/2013","490353006","5","41.3","ug/m3 LC","115","1","100.0000","88502","Acceptable PM2.5 AQI & Speciation Mass","41620","Salt Lake City, UT","49","Utah","035","Salt Lake","40.736389","-111.872222"
"12/21/2013","490353006","5","19.5","ug/m3 LC","67","1","100.0000","88502","Acceptable PM2.5 AQI & Speciation Mass","41620","Salt Lake City, UT","49","Utah","035","Salt Lake","40.736389","-111.872222"
"12/27/2013","490353006","5","42.3","ug/m3 LC","118","1","100.0000","88502","Acceptable PM2.5 AQI & Speciation Mass","41620","Salt Lake City, UT","49","Utah","035","Salt Lake","40.736389","-111.872222"
"12/30/2013","490353006","5","43.7","ug/m3 LC","121","1","100.0000","88502","Acceptable PM2.5 AQI & Speciation Mass","41620","Salt Lake City, UT","49","Utah","035","Salt Lake","40.736389","-111.872222"
"01/01/2013","490353006","6","23.2","ug/m3 LC","74","1","100.0000","88101","PM2.5 - Local Conditions","41620","Salt Lake City, UT","49","Utah","035","Salt Lake","40.736389","-111.872222"
"01/02/2013","490353006","6","24.6","ug/m3 LC","77","1","100.0000","88101","PM2.5 - Local Conditions","41620","Salt Lake City, UT","49","Utah","035","Salt Lake","40.736389","-111.872222"
"01/03/2013","490353006","6","32","ug/m3 LC","93","1","100.0000","88101","PM2.5 - Local Conditions","41620","Salt Lake City, UT","49","Utah","035","Salt Lake","40.736389","-111.872222"
"01/04/2013","490353006","6","36","ug/m3 LC","102","1","100.0000","88101","PM2.5 - Local Conditions","41620","Salt Lake City, UT","49","Utah","035","Salt Lake","40.736389","-111.872222"
"01/05/2013","490353006","6","47.9","ug/m3 LC","132","1","100.0000","88101","PM2.5 - Local Conditions","41620","Salt Lake City, UT","49","Utah","035","Salt Lake","40.736389","-111.872222"
"01/06/2013","490353006","6","56.1","ug/m3 LC","151","1","100.0000","88101","PM2.5 - Local Conditions","41620","Salt Lake City, UT","49","Utah","035","Salt Lake","40.736389","-111.872222"
"01/07/2013","490353006","6","44.4","ug/m3 LC","123","1","100.0000","88101","PM2.5 - Local Conditions","41620","Salt Lake City, UT","49","Utah","035","Salt Lake","40.736389","-111.872222"
"01/08/2013","490353006","6","72.8","ug/m3 LC","160","1","100.0000","88101","PM2.5 - Local Conditions","41620","Salt Lake City, UT","49","Utah","035","Salt Lake","40.736389","-111.872222"
"01/09/2013","490353006","6","43.2","ug/m3 LC","120","1","100.0000","88101","PM2.5 - Local Conditions","41620","Salt Lake City, UT","49","Utah","035","Salt Lake","40.736389","-111.872222"
"01/10/2013","490353006","6","1.2","ug/m3 LC","5","1","100.0000","88101","PM2.5 - Local Conditions","41620","Salt Lake City, UT","49","Utah","035","Salt Lake","40.736389","-111.872222"
"01/11/2013","490353006","6","2.3","ug/m3 LC","10","1","100.0000","88101","PM2.5 - Local Conditions","41620","Salt Lake City, UT","49","Utah","035","Salt Lake","40.736389","-111.872222"
"01/12/2013","490353006","6","6.3","ug/m3 LC","26","1","100.0000","88101","PM2.5 - Local Conditions","41620","Salt Lake City, UT","49","Utah","035","Salt Lake","40.736389","-111.872222"
"01/13/2013","490353006","6","10.9","ug/m3 LC","45","1","100.0000","88101","PM2.5 - Local Conditions","41620","Salt Lake City, UT","49","Utah","035","Salt Lake","40.736389","-111.872222"
"01/14/2013","490353006","6","16.2","ug/m3 LC","60","1","100.0000","88101","PM2.5 - Local Conditions","41620","Salt Lake City, UT","49","Utah","035","Salt Lake","40.736389","-111.872222"
"01/15/2013","490353006","6","19.6","ug/m3 LC","67","1","100.0000","88101","PM2.5 - Local Conditions","41620","Salt Lake City, UT","49","Utah","035","Salt Lake","40.736389","-111.872222"
"01/16/2013","490353006","6","29.9","ug/m3 LC","88","1","100.0000","88101","PM2.5 - Local Conditions","41620","Salt Lake City, UT","49","Utah","035","Salt Lake","40.736389","-111.872222"
"01/17/2013","490353006","6","40.2","ug/m3 LC","113","1","100.0000","88101","PM2.5 - Local Conditions","41620","Salt Lake City, UT","49","Utah","035","Salt Lake","40.736389","-111.872222"
"01/18/2013","490353006","6","59.4","ug/m3 LC","153","1","100.0000","88101","PM2.5 - Local Conditions","41620","Salt Lake City, UT","49","Utah","035","Salt Lake","40.736389","-111.872222"
"01/19/2013","490353006","6","50.9","ug/m3 LC","139","1","100.0000","88101","PM2.5 - Local Conditions","41620","Salt Lake City, UT","49","Utah","035","Salt Lake","40.736389","-111.872222"
"01/20/2013","490353006","6","41.6","ug/m3 LC","116","1","100.0000","88101","PM2.5 - Local Conditions","41620","Salt Lake City, UT","49","Utah","035","Salt Lake","40.736389","-111.872222"
"01/21/2013","490353006","6","38.7","ug/m3 LC","109","1","100.0000","88101","PM2.5 - Local Conditions","41620","Salt Lake City, UT","49","Utah","035","Salt Lake","40.736389","-111.872222"
"01/22/2013","490353006","6","38.7","ug/m3 LC","109","1","100.0000","88101","PM2.5 - Local Conditions","41620","Salt Lake City, UT","49","Utah","035","Salt Lake","40.736389","-111.872222"
"01/23/2013","490353006","6","44.6","ug/m3 LC","123","1","100.0000","88101","PM2.5 - Local Conditions","41620","Salt Lake City, UT","49","Utah","035","Salt Lake","40.736389","-111.872222"
"01/24/2013","490353006","6","52","ug/m3 LC","142","1","100.0000","88101","PM2.5 - Local Conditions","41620","Salt Lake City, UT","49","Utah","035","Salt Lake","40.736389","-111.872222"
"01/25/2013","490353006","6","56.6","ug/m3 LC","152","1","100.0000","88101","PM2.5 - Local Conditions","41620","Salt Lake City, UT","49","Utah","035","Salt Lake","40.736389","-111.872222"
"01/26/2013","490353006","6","40.5","ug/m3 LC","113","1","100.0000","88101","PM2.5 - Local Conditions","41620","Salt Lake City, UT","49","Utah","035","Salt Lake","40.736389","-111.872222"
"01/27/2013","490353006","6","11.3","ug/m3 LC","47","1","100.0000","88101","PM2.5 - Local Conditions","41620","Salt Lake City, UT","49","Utah","035","Salt Lake","40.736389","-111.872222"
"01/28/2013","490353006","6","8.2","ug/m3 LC","34","1","100.0000","88101","PM2.5 - Local Conditions","41620","Salt Lake City, UT","49","Utah","035","Salt Lake","40.736389","-111.872222"
"01/29/2013","490353006","6","9","ug/m3 LC","38","1","100.0000","88101","PM2.5 - Local Conditions","41620","Salt Lake City, UT","49","Utah","035","Salt Lake","40.736389","-111.872222"
"01/30/2013","490353006","6","10.9","ug/m3 LC","45","1","100.0000","88101","PM2.5 - Local Conditions","41620","Salt Lake City, UT","49","Utah","035","Salt Lake","40.736389","-111.872222"
"01/31/2013","490353006","6","12.5","ug/m3 LC","52","1","100.0000","88101","PM2.5 - Local Conditions","41620","Salt Lake City, UT","49","Utah","035","Salt Lake","40.736389","-111.872222"
"02/01/2013","490353006","6","19.2","ug/m3 LC","66","1","100.0000","88101","PM2.5 - Local Conditions","41620","Salt Lake City, UT","49","Utah","035","Salt Lake","40.736389","-111.872222"
"02/02/2013","490353006","6","25.6","ug/m3 LC","79","1","100.0000","88101","PM2.5 - Local Conditions","41620","Salt Lake City, UT","49","Utah","035","Salt Lake","40.736389","-111.872222"
"02/03/2013","490353006","6","38.2","ug/m3 LC","108","1","100.0000","88101","PM2.5 - Local Conditions","41620","Salt Lake City, UT","49","Utah","035","Salt Lake","40.736389","-111.872222"
"02/04/2013","490353006","6","49.6","ug/m3 LC","136","1","100.0000","88101","PM2.5 - Local Conditions","41620","Salt Lake City, UT","49","Utah","035","Salt Lake","40.736389","-111.872222"
"02/05/2013","490353006","6","37.9","ug/m3 LC","107","1","100.0000","88101","PM2.5 - Local Conditions","41620","Salt Lake City, UT","49","Utah","035","Salt Lake","40.736389","-111.872222"
"02/06/2013","490353006","6","45.3","ug/m3 LC","125","1","100.0000","88101","PM2.5 - Local Conditions","41620","Salt Lake City, UT","49","Utah","035","Salt Lake","40.736389","-111.872222"
"02/07/2013","490353006","6","38.1","ug/m3 LC","107","1","100.0000","88101","PM2.5 - Local Conditions","41620","Salt Lake City, UT","49","Utah","035","Salt Lake","40.736389","-111.872222"
"02/08/2013","490353006","6","16.5","ug/m3 LC","60","1","100.0000","88101","PM2.5 - Local Conditions","41620","Salt Lake City, UT","49","Utah","035","Salt Lake","40.736389","-111.872222"
"02/09/2013","490353006","6","7.9","ug/m3 LC","33","1","100.0000","88101","PM2.5 - Local Conditions","41620","Salt Lake City, UT","49","Utah","035","Salt Lake","40.736389","-111.872222"
"02/10/2013","490353006","6","7.3","ug/m3 LC","30","1","100.0000","88101","PM2.5 - Local Conditions","41620","Salt Lake City, UT","49","Utah","035","Salt Lake","40.736389","-111.872222"
"02/11/2013","490353006","6","11.8","ug/m3 LC","49","1","100.0000","88101","PM2.5 - Local Conditions","41620","Salt Lake City, UT","49","Utah","035","Salt Lake","40.736389","-111.872222"
"02/12/2013","490353006","6","14.7","ug/m3 LC","56","1","100.0000","88101","PM2.5 - Local Conditions","41620","Salt Lake City, UT","49","Utah","035","Salt Lake","40.736389","-111.872222"
"02/13/2013","490353006","6","21","ug/m3 LC","70","1","100.0000","88101","PM2.5 - Local Conditions","41620","Salt Lake City, UT","49","Utah","035","Salt Lake","40.736389","-111.872222"
"02/14/2013","490353006","6","28.1","ug/m3 LC","85","1","100.0000","88101","PM2.5 - Local Conditions","41620","Salt Lake City, UT","49","Utah","035","Salt Lake","40.736389","-111.872222"
"02/15/2013","490353006","6","16","ug/m3 LC","59","1","100.0000","88101","PM2.5 - Local Conditions","41620","Salt Lake City, UT","49","Utah","035","Salt Lake","40.736389","-111.872222"
"02/16/2013","490353006","6","24.4","ug/m3 LC","77","1","100.0000","88101","PM2.5 - Local Conditions","41620","Salt Lake City, UT","49","Utah","035","Salt Lake","40.736389","-111.872222"
"02/17/2013","490353006","6","25.9","ug/m3 LC","80","1","100.0000","88101","PM2.5 - Local Conditions","41620","Salt Lake City, UT","49","Utah","035","Salt Lake","40.736389","-111.872222"
"02/18/2013","490353006","6","7.9","ug/m3 LC","33","1","100.0000","88101","PM2.5 - Local Conditions","41620","Salt Lake City, UT","49","Utah","035","Salt Lake","40.736389","-111.872222"
"02/19/2013","490353006","6","10","ug/m3 LC","42","1","100.0000","88101","PM2.5 - Local Conditions","41620","Salt Lake City, UT","49","Utah","035","Salt Lake","40.736389","-111.872222"
"02/20/2013","490353006","6","7.7","ug/m3 LC","32","1","100.0000","88101","PM2.5 - Local Conditions","41620","Salt Lake City, UT","49","Utah","035","Salt Lake","40.736389","-111.872222"
"02/21/2013","490353006","6","3.9","ug/m3 LC","16","1","100.0000","88101","PM2.5 - Local Conditions","41620","Salt Lake City, UT","49","Utah","035","Salt Lake","40.736389","-111.872222"
"02/22/2013","490353006","6","6.1","ug/m3 LC","25","1","100.0000","88101","PM2.5 - Local Conditions","41620","Salt Lake City, UT","49","Utah","035","Salt Lake","40.736389","-111.872222"
"02/23/2013","490353006","6","2.6","ug/m3 LC","11","1","100.0000","88101","PM2.5 - Local Conditions","41620","Salt Lake City, UT","49","Utah","035","Salt Lake","40.736389","-111.872222"
"02/24/2013","490353006","6","5","ug/m3 LC","21","1","100.0000","88101","PM2.5 - Local Conditions","41620","Salt Lake City, UT","49","Utah","035","Salt Lake","40.736389","-111.872222"
"02/25/2013","490353006","6","8","ug/m3 LC","33","1","100.0000","88101","PM2.5 - Local Conditions","41620","Salt Lake City, UT","49","Utah","035","Salt Lake","40.736389","-111.872222"
"02/26/2013","490353006","6","5.9","ug/m3 LC","25","1","100.0000","88101","PM2.5 - Local Conditions","41620","Salt Lake City, UT","49","Utah","035","Salt Lake","40.736389","-111.872222"
"02/27/2013","490353006","6","5.1","ug/m3 LC","21","1","100.0000","88101","PM2.5 - Local Conditions","41620","Salt Lake City, UT","49","Utah","035","Salt Lake","40.736389","-111.872222"
"02/28/2013","490353006","6","12.7","ug/m3 LC","52","1","100.0000","88101","PM2.5 - Local Conditions","41620","Salt Lake City, UT","49","Utah","035","Salt Lake","40.736389","-111.872222"
"03/01/2013","490353006","6","29.2","ug/m3 LC","87","1","100.0000","88101","PM2.5 - Local Conditions","41620","Salt Lake City, UT","49","Utah","035","Salt Lake","40.736389","-111.872222"
"03/02/2013","490353006","6","26.4","ug/m3 LC","81","1","100.0000","88101","PM2.5 - Local Conditions","41620","Salt Lake City, UT","49","Utah","035","Salt Lake","40.736389","-111.872222"
"03/03/2013","490353006","6","28.5","ug/m3 LC","85","1","100.0000","88101","PM2.5 - Local Conditions","41620","Salt Lake City, UT","49","Utah","035","Salt Lake","40.736389","-111.872222"
"03/04/2013","490353006","6","3.5","ug/m3 LC","15","1","100.0000","88101","PM2.5 - Local Conditions","41620","Salt Lake City, UT","49","Utah","035","Salt Lake","40.736389","-111.872222"
"03/05/2013","490353006","6","9.2","ug/m3 LC","38","1","100.0000","88101","PM2.5 - Local Conditions","41620","Salt Lake City, UT","49","Utah","035","Salt Lake","40.736389","-111.872222"
"03/06/2013","490353006","6","5.2","ug/m3 LC","22","1","100.0000","88101","PM2.5 - Local Conditions","41620","Salt Lake City, UT","49","Utah","035","Salt Lake","40.736389","-111.872222"
"03/07/2013","490353006","6","6.7","ug/m3 LC","28","1","100.0000","88101","PM2.5 - Local Conditions","41620","Salt Lake City, UT","49","Utah","035","Salt Lake","40.736389","-111.872222"
"03/08/2013","490353006","6","9.7","ug/m3 LC","40","1","100.0000","88101","PM2.5 - Local Conditions","41620","Salt Lake City, UT","49","Utah","035","Salt Lake","40.736389","-111.872222"
"03/09/2013","490353006","6","3.2","ug/m3 LC","13","1","100.0000","88101","PM2.5 - Local Conditions","41620","Salt Lake City, UT","49","Utah","035","Salt Lake","40.736389","-111.872222"
"03/10/2013","490353006","6","5.2","ug/m3 LC","22","1","100.0000","88101","PM2.5 - Local Conditions","41620","Salt Lake City, UT","49","Utah","035","Salt Lake","40.736389","-111.872222"
"03/11/2013","490353006","6","5.9","ug/m3 LC","25","1","100.0000","88101","PM2.5 - Local Conditions","41620","Salt Lake City, UT","49","Utah","035","Salt Lake","40.736389","-111.872222"
"03/12/2013","490353006","6","3","ug/m3 LC","13","1","100.0000","88101","PM2.5 - Local Conditions","41620","Salt Lake City, UT","49","Utah","035","Salt Lake","40.736389","-111.872222"
"03/13/2013","490353006","6","3.4","ug/m3 LC","14","1","100.0000","88101","PM2.5 - Local Conditions","41620","Salt Lake City, UT","49","Utah","035","Salt Lake","40.736389","-111.872222"
"03/14/2013","490353006","6","6.1","ug/m3 LC","25","1","100.0000","88101","PM2.5 - Local Conditions","41620","Salt Lake City, UT","49","Utah","035","Salt Lake","40.736389","-111.872222"
"03/15/2013","490353006","6","8.1","ug/m3 LC","34","1","100.0000","88101","PM2.5 - Local Conditions","41620","Salt Lake City, UT","49","Utah","035","Salt Lake","40.736389","-111.872222"
"03/16/2013","490353006","6","3.5","ug/m3 LC","15","1","100.0000","88101","PM2.5 - Local Conditions","41620","Salt Lake City, UT","49","Utah","035","Salt Lake","40.736389","-111.872222"
"03/17/2013","490353006","6","2","ug/m3 LC","8","1","100.0000","88101","PM2.5 - Local Conditions","41620","Salt Lake City, UT","49","Utah","035","Salt Lake","40.736389","-111.872222"
"03/18/2013","490353006","6","3.7","ug/m3 LC","15","1","100.0000","88101","PM2.5 - Local Conditions","41620","Salt Lake City, UT","49","Utah","035","Salt Lake","40.736389","-111.872222"
"03/19/2013","490353006","6","4.5","ug/m3 LC","19","1","100.0000","88101","PM2.5 - Local Conditions","41620","Salt Lake City, UT","49","Utah","035","Salt Lake","40.736389","-111.872222"
"03/20/2013","490353006","6","3.6","ug/m3 LC","15","1","100.0000","88101","PM2.5 - Local Conditions","41620","Salt Lake City, UT","49","Utah","035","Salt Lake","40.736389","-111.872222"
"03/21/2013","490353006","6","2.4","ug/m3 LC","10","1","100.0000","88101","PM2.5 - Local Conditions","41620","Salt Lake City, UT","49","Utah","035","Salt Lake","40.736389","-111.872222"
"03/22/2013","490353006","6","2.7","ug/m3 LC","11","1","100.0000","88101","PM2.5 - Local Conditions","41620","Salt Lake City, UT","49","Utah","035","Salt Lake","40.736389","-111.872222"
"03/23/2013","490353006","6","5.7","ug/m3 LC","24","1","100.0000","88101","PM2.5 - Local Conditions","41620","Salt Lake City, UT","49","Utah","035","Salt Lake","40.736389","-111.872222"
"03/24/2013","490353006","6","3.5","ug/m3 LC","15","1","100.0000","88101","PM2.5 - Local Conditions","41620","Salt Lake City, UT","49","Utah","035","Salt Lake","40.736389","-111.872222"
"03/25/2013","490353006","6","5","ug/m3 LC","21","1","100.0000","88101","PM2.5 - Local Conditions","41620","Salt Lake City, UT","49","Utah","035","Salt Lake","40.736389","-111.872222"
"03/26/2013","490353006","6","6.2","ug/m3 LC","26","1","100.0000","88101","PM2.5 - Local Conditions","41620","Salt Lake City, UT","49","Utah","035","Salt Lake","40.736389","-111.872222"
"03/27/2013","490353006","6","5.2","ug/m3 LC","22","1","100.0000","88101","PM2.5 - Local Conditions","41620","Salt Lake City, UT","49","Utah","035","Salt Lake","40.736389","-111.872222"
"03/28/2013","490353006","6","7.3","ug/m3 LC","30","1","100.0000","88101","PM2.5 - Local Conditions","41620","Salt Lake City, UT","49","Utah","035","Salt Lake","40.736389","-111.872222"
"03/29/2013","490353006","6","7.3","ug/m3 LC","30","1","100.0000","88101","PM2.5 - Local Conditions","41620","Salt Lake City, UT","49","Utah","035","Salt Lake","40.736389","-111.872222"
"03/30/2013","490353006","6","4.6","ug/m3 LC","19","1","100.0000","88101","PM2.5 - Local Conditions","41620","Salt Lake City, UT","49","Utah","035","Salt Lake","40.736389","-111.872222"
"03/31/2013","490353006","6","3.7","ug/m3 LC","15","1","100.0000","88101","PM2.5 - Local Conditions","41620","Salt Lake City, UT","49","Utah","035","Salt Lake","40.736389","-111.872222"
"04/01/2013","490353006","6","1.9","ug/m3 LC","8","1","100.0000","88101","PM2.5 - Local Conditions","41620","Salt Lake City, UT","49","Utah","035","Salt Lake","40.736389","-111.872222"
"04/02/2013","490353006","6","4.6","ug/m3 LC","19","1","100.0000","88101","PM2.5 - Local Conditions","41620","Salt Lake City, UT","49","Utah","035","Salt Lake","40.736389","-111.872222"
"04/03/2013","490353006","6","6.8","ug/m3 LC","28","1","100.0000","88101","PM2.5 - Local Conditions","41620","Salt Lake City, UT","49","Utah","035","Salt Lake","40.736389","-111.872222"
"04/04/2013","490353006","6","4.1","ug/m3 LC","17","1","100.0000","88101","PM2.5 - Local Conditions","41620","Salt Lake City, UT","49","Utah","035","Salt Lake","40.736389","-111.872222"
"04/05/2013","490353006","6","2.4","ug/m3 LC","10","1","100.0000","88101","PM2.5 - Local Conditions","41620","Salt Lake City, UT","49","Utah","035","Salt Lake","40.736389","-111.872222"
"04/06/2013","490353006","6","3.5","ug/m3 LC","15","1","100.0000","88101","PM2.5 - Local Conditions","41620","Salt Lake City, UT","49","Utah","035","Salt Lake","40.736389","-111.872222"
"04/07/2013","490353006","6","5.6","ug/m3 LC","23","1","100.0000","88101","PM2.5 - Local Conditions","41620","Salt Lake City, UT","49","Utah","035","Salt Lake","40.736389","-111.872222"
"04/08/2013","490353006","6","4.7","ug/m3 LC","20","1","100.0000","88101","PM2.5 - Local Conditions","41620","Salt Lake City, UT","49","Utah","035","Salt Lake","40.736389","-111.872222"
"04/09/2013","490353006","6","2.7","ug/m3 LC","11","1","100.0000","88101","PM2.5 - Local Conditions","41620","Salt Lake City, UT","49","Utah","035","Salt Lake","40.736389","-111.872222"
"04/10/2013","490353006","6","4.5","ug/m3 LC","19","1","100.0000","88101","PM2.5 - Local Conditions","41620","Salt Lake City, UT","49","Utah","035","Salt Lake","40.736389","-111.872222"
"04/11/2013","490353006","6","4.3","ug/m3 LC","18","1","100.0000","88101","PM2.5 - Local Conditions","41620","Salt Lake City, UT","49","Utah","035","Salt Lake","40.736389","-111.872222"
"04/12/2013","490353006","6","5.9","ug/m3 LC","25","1","100.0000","88101","PM2.5 - Local Conditions","41620","Salt Lake City, UT","49","Utah","035","Salt Lake","40.736389","-111.872222"
"04/13/2013","490353006","6","3.9","ug/m3 LC","16","1","100.0000","88101","PM2.5 - Local Conditions","41620","Salt Lake City, UT","49","Utah","035","Salt Lake","40.736389","-111.872222"
"04/14/2013","490353006","6","1.1","ug/m3 LC","5","1","100.0000","88101","PM2.5 - Local Conditions","41620","Salt Lake City, UT","49","Utah","035","Salt Lake","40.736389","-111.872222"
"04/15/2013","490353006","6","4.5","ug/m3 LC","19","1","100.0000","88101","PM2.5 - Local Conditions","41620","Salt Lake City, UT","49","Utah","035","Salt Lake","40.736389","-111.872222"
"04/16/2013","490353006","6","3","ug/m3 LC","13","1","100.0000","88101","PM2.5 - Local Conditions","41620","Salt Lake City, UT","49","Utah","035","Salt Lake","40.736389","-111.872222"
"04/17/2013","490353006","6","1.6","ug/m3 LC","7","1","100.0000","88101","PM2.5 - Local Conditions","41620","Salt Lake City, UT","49","Utah","035","Salt Lake","40.736389","-111.872222"
"04/18/2013","490353006","6","3.5","ug/m3 LC","15","1","100.0000","88101","PM2.5 - Local Conditions","41620","Salt Lake City, UT","49","Utah","035","Salt Lake","40.736389","-111.872222"
"04/19/2013","490353006","6","3","ug/m3 LC","13","1","100.0000","88101","PM2.5 - Local Conditions","41620","Salt Lake City, UT","49","Utah","035","Salt Lake","40.736389","-111.872222"
"04/20/2013","490353006","6","3.3","ug/m3 LC","14","1","100.0000","88101","PM2.5 - Local Conditions","41620","Salt Lake City, UT","49","Utah","035","Salt Lake","40.736389","-111.872222"
"04/21/2013","490353006","6","3.7","ug/m3 LC","15","1","100.0000","88101","PM2.5 - Local Conditions","41620","Salt Lake City, UT","49","Utah","035","Salt Lake","40.736389","-111.872222"
"04/22/2013","490353006","6","3","ug/m3 LC","13","1","100.0000","88101","PM2.5 - Local Conditions","41620","Salt Lake City, UT","49","Utah","035","Salt Lake","40.736389","-111.872222"
"04/23/2013","490353006","6","2.8","ug/m3 LC","12","1","100.0000","88101","PM2.5 - Local Conditions","41620","Salt Lake City, UT","49","Utah","035","Salt Lake","40.736389","-111.872222"
"04/24/2013","490353006","6","4.7","ug/m3 LC","20","1","100.0000","88101","PM2.5 - Local Conditions","41620","Salt Lake City, UT","49","Utah","035","Salt Lake","40.736389","-111.872222"
"04/25/2013","490353006","6","7.9","ug/m3 LC","33","1","100.0000","88101","PM2.5 - Local Conditions","41620","Salt Lake City, UT","49","Utah","035","Salt Lake","40.736389","-111.872222"
"04/26/2013","490353006","6","8.6","ug/m3 LC","36","1","100.0000","88101","PM2.5 - Local Conditions","41620","Salt Lake City, UT","49","Utah","035","Salt Lake","40.736389","-111.872222"
"04/27/2013","490353006","6","7.3","ug/m3 LC","30","1","100.0000","88101","PM2.5 - Local Conditions","41620","Salt Lake City, UT","49","Utah","035","Salt Lake","40.736389","-111.872222"
"04/28/2013","490353006","6","6.2","ug/m3 LC","26","1","100.0000","88101","PM2.5 - Local Conditions","41620","Salt Lake City, UT","49","Utah","035","Salt Lake","40.736389","-111.872222"
"04/29/2013","490353006","6","4.3","ug/m3 LC","18","1","100.0000","88101","PM2.5 - Local Conditions","41620","Salt Lake City, UT","49","Utah","035","Salt Lake","40.736389","-111.872222"
"04/30/2013","490353006","6","3.3","ug/m3 LC","14","1","100.0000","88101","PM2.5 - Local Conditions","41620","Salt Lake City, UT","49","Utah","035","Salt Lake","40.736389","-111.872222"
"05/01/2013","490353006","6","2.1","ug/m3 LC","9","1","100.0000","88101","PM2.5 - Local Conditions","41620","Salt Lake City, UT","49","Utah","035","Salt Lake","40.736389","-111.872222"
"05/02/2013","490353006","6","3.9","ug/m3 LC","16","1","100.0000","88101","PM2.5 - Local Conditions","41620","Salt Lake City, UT","49","Utah","035","Salt Lake","40.736389","-111.872222"
"05/03/2013","490353006","6","5.6","ug/m3 LC","23","1","100.0000","88101","PM2.5 - Local Conditions","41620","Salt Lake City, UT","49","Utah","035","Salt Lake","40.736389","-111.872222"
"05/04/2013","490353006","6","5.1","ug/m3 LC","21","1","100.0000","88101","PM2.5 - Local Conditions","41620","Salt Lake City, UT","49","Utah","035","Salt Lake","40.736389","-111.872222"
"05/05/2013","490353006","6","3","ug/m3 LC","13","1","100.0000","88101","PM2.5 - Local Conditions","41620","Salt Lake City, UT","49","Utah","035","Salt Lake","40.736389","-111.872222"
"05/06/2013","490353006","6","5.3","ug/m3 LC","22","1","100.0000","88101","PM2.5 - Local Conditions","41620","Salt Lake City, UT","49","Utah","035","Salt Lake","40.736389","-111.872222"
"05/07/2013","490353006","6","3.8","ug/m3 LC","16","1","100.0000","88101","PM2.5 - Local Conditions","41620","Salt Lake City, UT","49","Utah","035","Salt Lake","40.736389","-111.872222"
"05/08/2013","490353006","6","4.5","ug/m3 LC","19","1","100.0000","88101","PM2.5 - Local Conditions","41620","Salt Lake City, UT","49","Utah","035","Salt Lake","40.736389","-111.872222"
"05/09/2013","490353006","6","4.3","ug/m3 LC","18","1","100.0000","88101","PM2.5 - Local Conditions","41620","Salt Lake City, UT","49","Utah","035","Salt Lake","40.736389","-111.872222"
"05/10/2013","490353006","6","5.1","ug/m3 LC","21","1","100.0000","88101","PM2.5 - Local Conditions","41620","Salt Lake City, UT","49","Utah","035","Salt Lake","40.736389","-111.872222"
"05/11/2013","490353006","6","5.8","ug/m3 LC","24","1","100.0000","88101","PM2.5 - Local Conditions","41620","Salt Lake City, UT","49","Utah","035","Salt Lake","40.736389","-111.872222"
"05/12/2013","490353006","6","6.4","ug/m3 LC","27","1","100.0000","88101","PM2.5 - Local Conditions","41620","Salt Lake City, UT","49","Utah","035","Salt Lake","40.736389","-111.872222"
"05/13/2013","490353006","6","4.9","ug/m3 LC","20","1","100.0000","88101","PM2.5 - Local Conditions","41620","Salt Lake City, UT","49","Utah","035","Salt Lake","40.736389","-111.872222"
"05/14/2013","490353006","6","5.2","ug/m3 LC","22","1","100.0000","88101","PM2.5 - Local Conditions","41620","Salt Lake City, UT","49","Utah","035","Salt Lake","40.736389","-111.872222"
"05/15/2013","490353006","6","6.1","ug/m3 LC","25","1","100.0000","88101","PM2.5 - Local Conditions","41620","Salt Lake City, UT","49","Utah","035","Salt Lake","40.736389","-111.872222"
"05/16/2013","490353006","6","5.7","ug/m3 LC","24","1","100.0000","88101","PM2.5 - Local Conditions","41620","Salt Lake City, UT","49","Utah","035","Salt Lake","40.736389","-111.872222"
"05/17/2013","490353006","6","4.5","ug/m3 LC","19","1","100.0000","88101","PM2.5 - Local Conditions","41620","Salt Lake City, UT","49","Utah","035","Salt Lake","40.736389","-111.872222"
"05/18/2013","490353006","6","2.4","ug/m3 LC","10","1","100.0000","88101","PM2.5 - Local Conditions","41620","Salt Lake City, UT","49","Utah","035","Salt Lake","40.736389","-111.872222"
"05/19/2013","490353006","6","3.1","ug/m3 LC","13","1","100.0000","88101","PM2.5 - Local Conditions","41620","Salt Lake City, UT","49","Utah","035","Salt Lake","40.736389","-111.872222"
"05/20/2013","490353006","6","2.6","ug/m3 LC","11","1","100.0000","88101","PM2.5 - Local Conditions","41620","Salt Lake City, UT","49","Utah","035","Salt Lake","40.736389","-111.872222"
"05/21/2013","490353006","6","4.1","ug/m3 LC","17","1","100.0000","88101","PM2.5 - Local Conditions","41620","Salt Lake City, UT","49","Utah","035","Salt Lake","40.736389","-111.872222"
"05/22/2013","490353006","6","4","ug/m3 LC","17","1","100.0000","88101","PM2.5 - Local Conditions","41620","Salt Lake City, UT","49","Utah","035","Salt Lake","40.736389","-111.872222"
"05/23/2013","490353006","6","4.5","ug/m3 LC","19","1","100.0000","88101","PM2.5 - Local Conditions","41620","Salt Lake City, UT","49","Utah","035","Salt Lake","40.736389","-111.872222"
"05/24/2013","490353006","6","3.3","ug/m3 LC","14","1","100.0000","88101","PM2.5 - Local Conditions","41620","Salt Lake City, UT","49","Utah","035","Salt Lake","40.736389","-111.872222"
"05/25/2013","490353006","6","8.2","ug/m3 LC","34","1","100.0000","88101","PM2.5 - Local Conditions","41620","Salt Lake City, UT","49","Utah","035","Salt Lake","40.736389","-111.872222"
"05/26/2013","490353006","6","4.4","ug/m3 LC","18","1","100.0000","88101","PM2.5 - Local Conditions","41620","Salt Lake City, UT","49","Utah","035","Salt Lake","40.736389","-111.872222"
"05/27/2013","490353006","6","2.6","ug/m3 LC","11","1","100.0000","88101","PM2.5 - Local Conditions","41620","Salt Lake City, UT","49","Utah","035","Salt Lake","40.736389","-111.872222"
"05/28/2013","490353006","6","2.5","ug/m3 LC","10","1","100.0000","88101","PM2.5 - Local Conditions","41620","Salt Lake City, UT","49","Utah","035","Salt Lake","40.736389","-111.872222"
"05/29/2013","490353006","6","3.4","ug/m3 LC","14","1","100.0000","88101","PM2.5 - Local Conditions","41620","Salt Lake City, UT","49","Utah","035","Salt Lake","40.736389","-111.872222"
"05/30/2013","490353006","6","1.9","ug/m3 LC","8","1","100.0000","88101","PM2.5 - Local Conditions","41620","Salt Lake City, UT","49","Utah","035","Salt Lake","40.736389","-111.872222"
"05/31/2013","490353006","6","2.1","ug/m3 LC","9","1","100.0000","88101","PM2.5 - Local Conditions","41620","Salt Lake City, UT","49","Utah","035","Salt Lake","40.736389","-111.872222"
"06/01/2013","490353006","6","3.1","ug/m3 LC","13","1","100.0000","88101","PM2.5 - Local Conditions","41620","Salt Lake City, UT","49","Utah","035","Salt Lake","40.736389","-111.872222"
"06/02/2013","490353006","6","3.6","ug/m3 LC","15","1","100.0000","88101","PM2.5 - Local Conditions","41620","Salt Lake City, UT","49","Utah","035","Salt Lake","40.736389","-111.872222"
"06/03/2013","490353006","6","2.8","ug/m3 LC","12","1","100.0000","88101","PM2.5 - Local Conditions","41620","Salt Lake City, UT","49","Utah","035","Salt Lake","40.736389","-111.872222"
"06/04/2013","490353006","6","2.6","ug/m3 LC","11","1","100.0000","88101","PM2.5 - Local Conditions","41620","Salt Lake City, UT","49","Utah","035","Salt Lake","40.736389","-111.872222"
"06/05/2013","490353006","6","3.2","ug/m3 LC","13","1","100.0000","88101","PM2.5 - Local Conditions","41620","Salt Lake City, UT","49","Utah","035","Salt Lake","40.736389","-111.872222"
"06/06/2013","490353006","6","3.4","ug/m3 LC","14","1","100.0000","88101","PM2.5 - Local Conditions","41620","Salt Lake City, UT","49","Utah","035","Salt Lake","40.736389","-111.872222"
"06/07/2013","490353006","6","4","ug/m3 LC","17","1","100.0000","88101","PM2.5 - Local Conditions","41620","Salt Lake City, UT","49","Utah","035","Salt Lake","40.736389","-111.872222"
"06/08/2013","490353006","6","3.6","ug/m3 LC","15","1","100.0000","88101","PM2.5 - Local Conditions","41620","Salt Lake City, UT","49","Utah","035","Salt Lake","40.736389","-111.872222"
"06/09/2013","490353006","6","4.1","ug/m3 LC","17","1","100.0000","88101","PM2.5 - Local Conditions","41620","Salt Lake City, UT","49","Utah","035","Salt Lake","40.736389","-111.872222"
"06/10/2013","490353006","6","3.7","ug/m3 LC","15","1","100.0000","88101","PM2.5 - Local Conditions","41620","Salt Lake City, UT","49","Utah","035","Salt Lake","40.736389","-111.872222"
"06/11/2013","490353006","6","5.3","ug/m3 LC","22","1","100.0000","88101","PM2.5 - Local Conditions","41620","Salt Lake City, UT","49","Utah","035","Salt Lake","40.736389","-111.872222"
"06/12/2013","490353006","6","6.3","ug/m3 LC","26","1","100.0000","88101","PM2.5 - Local Conditions","41620","Salt Lake City, UT","49","Utah","035","Salt Lake","40.736389","-111.872222"
"06/13/2013","490353006","6","6.3","ug/m3 LC","26","1","100.0000","88101","PM2.5 - Local Conditions","41620","Salt Lake City, UT","49","Utah","035","Salt Lake","40.736389","-111.872222"
"06/14/2013","490353006","6","3","ug/m3 LC","13","1","100.0000","88101","PM2.5 - Local Conditions","41620","Salt Lake City, UT","49","Utah","035","Salt Lake","40.736389","-111.872222"
"06/15/2013","490353006","6","5.7","ug/m3 LC","24","1","100.0000","88101","PM2.5 - Local Conditions","41620","Salt Lake City, UT","49","Utah","035","Salt Lake","40.736389","-111.872222"
"06/16/2013","490353006","6","4.5","ug/m3 LC","19","1","100.0000","88101","PM2.5 - Local Conditions","41620","Salt Lake City, UT","49","Utah","035","Salt Lake","40.736389","-111.872222"
"06/17/2013","490353006","6","6.2","ug/m3 LC","26","1","100.0000","88101","PM2.5 - Local Conditions","41620","Salt Lake City, UT","49","Utah","035","Salt Lake","40.736389","-111.872222"
"06/18/2013","490353006","6","5.6","ug/m3 LC","23","1","100.0000","88101","PM2.5 - Local Conditions","41620","Salt Lake City, UT","49","Utah","035","Salt Lake","40.736389","-111.872222"
"06/19/2013","490353006","6","4","ug/m3 LC","17","1","100.0000","88101","PM2.5 - Local Conditions","41620","Salt Lake City, UT","49","Utah","035","Salt Lake","40.736389","-111.872222"
"06/20/2013","490353006","6","2.8","ug/m3 LC","12","1","100.0000","88101","PM2.5 - Local Conditions","41620","Salt Lake City, UT","49","Utah","035","Salt Lake","40.736389","-111.872222"
"06/21/2013","490353006","6","3.2","ug/m3 LC","13","1","100.0000","88101","PM2.5 - Local Conditions","41620","Salt Lake City, UT","49","Utah","035","Salt Lake","40.736389","-111.872222"
"06/22/2013","490353006","6","2.3","ug/m3 LC","10","1","100.0000","88101","PM2.5 - Local Conditions","41620","Salt Lake City, UT","49","Utah","035","Salt Lake","40.736389","-111.872222"
"06/23/2013","490353006","6","4.7","ug/m3 LC","20","1","100.0000","88101","PM2.5 - Local Conditions","41620","Salt Lake City, UT","49","Utah","035","Salt Lake","40.736389","-111.872222"
"06/24/2013","490353006","6","3.4","ug/m3 LC","14","1","100.0000","88101","PM2.5 - Local Conditions","41620","Salt Lake City, UT","49","Utah","035","Salt Lake","40.736389","-111.872222"
"06/25/2013","490353006","6","4.4","ug/m3 LC","18","1","100.0000","88101","PM2.5 - Local Conditions","41620","Salt Lake City, UT","49","Utah","035","Salt Lake","40.736389","-111.872222"
"06/26/2013","490353006","6","4.3","ug/m3 LC","18","1","100.0000","88101","PM2.5 - Local Conditions","41620","Salt Lake City, UT","49","Utah","035","Salt Lake","40.736389","-111.872222"
"06/27/2013","490353006","6","6.4","ug/m3 LC","27","1","100.0000","88101","PM2.5 - Local Conditions","41620","Salt Lake City, UT","49","Utah","035","Salt Lake","40.736389","-111.872222"
"06/28/2013","490353006","6","7.3","ug/m3 LC","30","1","100.0000","88101","PM2.5 - Local Conditions","41620","Salt Lake City, UT","49","Utah","035","Salt Lake","40.736389","-111.872222"
"06/29/2013","490353006","6","4.7","ug/m3 LC","20","1","100.0000","88101","PM2.5 - Local Conditions","41620","Salt Lake City, UT","49","Utah","035","Salt Lake","40.736389","-111.872222"
"06/30/2013","490353006","6","4.7","ug/m3 LC","20","1","100.0000","88101","PM2.5 - Local Conditions","41620","Salt Lake City, UT","49","Utah","035","Salt Lake","40.736389","-111.872222"
"07/01/2013","490353006","6","4.7","ug/m3 LC","20","1","100.0000","88101","PM2.5 - Local Conditions","41620","Salt Lake City, UT","49","Utah","035","Salt Lake","40.736389","-111.872222"
"07/02/2013","490353006","6","6.3","ug/m3 LC","26","1","100.0000","88101","PM2.5 - Local Conditions","41620","Salt Lake City, UT","49","Utah","035","Salt Lake","40.736389","-111.872222"
"07/03/2013","490353006","6","8.5","ug/m3 LC","35","1","100.0000","88101","PM2.5 - Local Conditions","41620","Salt Lake City, UT","49","Utah","035","Salt Lake","40.736389","-111.872222"
"07/04/2013","490353006","6","14.3","ug/m3 LC","56","1","100.0000","88101","PM2.5 - Local Conditions","41620","Salt Lake City, UT","49","Utah","035","Salt Lake","40.736389","-111.872222"
"07/05/2013","490353006","6","7.5","ug/m3 LC","31","1","100.0000","88101","PM2.5 - Local Conditions","41620","Salt Lake City, UT","49","Utah","035","Salt Lake","40.736389","-111.872222"
"07/06/2013","490353006","6","6.1","ug/m3 LC","25","1","100.0000","88101","PM2.5 - Local Conditions","41620","Salt Lake City, UT","49","Utah","035","Salt Lake","40.736389","-111.872222"
"07/07/2013","490353006","6","6.2","ug/m3 LC","26","1","100.0000","88101","PM2.5 - Local Conditions","41620","Salt Lake City, UT","49","Utah","035","Salt Lake","40.736389","-111.872222"
"07/08/2013","490353006","6","4.9","ug/m3 LC","20","1","100.0000","88101","PM2.5 - Local Conditions","41620","Salt Lake City, UT","49","Utah","035","Salt Lake","40.736389","-111.872222"
"07/09/2013","490353006","6","8.2","ug/m3 LC","34","1","100.0000","88101","PM2.5 - Local Conditions","41620","Salt Lake City, UT","49","Utah","035","Salt Lake","40.736389","-111.872222"
"07/10/2013","490353006","6","16.3","ug/m3 LC","60","1","100.0000","88101","PM2.5 - Local Conditions","41620","Salt Lake City, UT","49","Utah","035","Salt Lake","40.736389","-111.872222"
"07/11/2013","490353006","6","8.5","ug/m3 LC","35","1","100.0000","88101","PM2.5 - Local Conditions","41620","Salt Lake City, UT","49","Utah","035","Salt Lake","40.736389","-111.872222"
"07/12/2013","490353006","6","5.3","ug/m3 LC","22","1","100.0000","88101","PM2.5 - Local Conditions","41620","Salt Lake City, UT","49","Utah","035","Salt Lake","40.736389","-111.872222"
"07/13/2013","490353006","6","4","ug/m3 LC","17","1","100.0000","88101","PM2.5 - Local Conditions","41620","Salt Lake City, UT","49","Utah","035","Salt Lake","40.736389","-111.872222"
"07/14/2013","490353006","6","4","ug/m3 LC","17","1","100.0000","88101","PM2.5 - Local Conditions","41620","Salt Lake City, UT","49","Utah","035","Salt Lake","40.736389","-111.872222"
"07/15/2013","490353006","6","5.4","ug/m3 LC","23","1","100.0000","88101","PM2.5 - Local Conditions","41620","Salt Lake City, UT","49","Utah","035","Salt Lake","40.736389","-111.872222"
"07/16/2013","490353006","6","4.4","ug/m3 LC","18","1","100.0000","88101","PM2.5 - Local Conditions","41620","Salt Lake City, UT","49","Utah","035","Salt Lake","40.736389","-111.872222"
"07/17/2013","490353006","6","5.1","ug/m3 LC","21","1","100.0000","88101","PM2.5 - Local Conditions","41620","Salt Lake City, UT","49","Utah","035","Salt Lake","40.736389","-111.872222"
"07/18/2013","490353006","6","4.7","ug/m3 LC","20","1","100.0000","88101","PM2.5 - Local Conditions","41620","Salt Lake City, UT","49","Utah","035","Salt Lake","40.736389","-111.872222"
"07/19/2013","490353006","6","7.8","ug/m3 LC","33","1","100.0000","88101","PM2.5 - Local Conditions","41620","Salt Lake City, UT","49","Utah","035","Salt Lake","40.736389","-111.872222"
"07/20/2013","490353006","6","7.1","ug/m3 LC","30","1","100.0000","88101","PM2.5 - Local Conditions","41620","Salt Lake City, UT","49","Utah","035","Salt Lake","40.736389","-111.872222"
"07/21/2013","490353006","6","6.5","ug/m3 LC","27","1","100.0000","88101","PM2.5 - Local Conditions","41620","Salt Lake City, UT","49","Utah","035","Salt Lake","40.736389","-111.872222"
"07/22/2013","490353006","6","5.8","ug/m3 LC","24","1","100.0000","88101","PM2.5 - Local Conditions","41620","Salt Lake City, UT","49","Utah","035","Salt Lake","40.736389","-111.872222"
"07/23/2013","490353006","6","5.6","ug/m3 LC","23","1","100.0000","88101","PM2.5 - Local Conditions","41620","Salt Lake City, UT","49","Utah","035","Salt Lake","40.736389","-111.872222"
"07/24/2013","490353006","6","8.2","ug/m3 LC","34","1","100.0000","88101","PM2.5 - Local Conditions","41620","Salt Lake City, UT","49","Utah","035","Salt Lake","40.736389","-111.872222"
"07/25/2013","490353006","6","5.7","ug/m3 LC","24","1","100.0000","88101","PM2.5 - Local Conditions","41620","Salt Lake City, UT","49","Utah","035","Salt Lake","40.736389","-111.872222"
"07/26/2013","490353006","6","6.2","ug/m3 LC","26","1","100.0000","88101","PM2.5 - Local Conditions","41620","Salt Lake City, UT","49","Utah","035","Salt Lake","40.736389","-111.872222"
"07/27/2013","490353006","6","6.4","ug/m3 LC","27","1","100.0000","88101","PM2.5 - Local Conditions","41620","Salt Lake City, UT","49","Utah","035","Salt Lake","40.736389","-111.872222"
"07/28/2013","490353006","6","5.3","ug/m3 LC","22","1","100.0000","88101","PM2.5 - Local Conditions","41620","Salt Lake City, UT","49","Utah","035","Salt Lake","40.736389","-111.872222"
"07/29/2013","490353006","6","3.3","ug/m3 LC","14","1","100.0000","88101","PM2.5 - Local Conditions","41620","Salt Lake City, UT","49","Utah","035","Salt Lake","40.736389","-111.872222"
"07/30/2013","490353006","6","4.3","ug/m3 LC","18","1","100.0000","88101","PM2.5 - Local Conditions","41620","Salt Lake City, UT","49","Utah","035","Salt Lake","40.736389","-111.872222"
"07/31/2013","490353006","6","4.6","ug/m3 LC","19","1","100.0000","88101","PM2.5 - Local Conditions","41620","Salt Lake City, UT","49","Utah","035","Salt Lake","40.736389","-111.872222"
"08/01/2013","490353006","6","4","ug/m3 LC","17","1","100.0000","88101","PM2.5 - Local Conditions","41620","Salt Lake City, UT","49","Utah","035","Salt Lake","40.736389","-111.872222"
"08/02/2013","490353006","6","9.5","ug/m3 LC","40","1","100.0000","88101","PM2.5 - Local Conditions","41620","Salt Lake City, UT","49","Utah","035","Salt Lake","40.736389","-111.872222"
"08/03/2013","490353006","6","4.8","ug/m3 LC","20","1","100.0000","88101","PM2.5 - Local Conditions","41620","Salt Lake City, UT","49","Utah","035","Salt Lake","40.736389","-111.872222"
"08/04/2013","490353006","6","3.1","ug/m3 LC","13","1","100.0000","88101","PM2.5 - Local Conditions","41620","Salt Lake City, UT","49","Utah","035","Salt Lake","40.736389","-111.872222"
"08/05/2013","490353006","6","5","ug/m3 LC","21","1","100.0000","88101","PM2.5 - Local Conditions","41620","Salt Lake City, UT","49","Utah","035","Salt Lake","40.736389","-111.872222"
"08/06/2013","490353006","6","5.7","ug/m3 LC","24","1","100.0000","88101","PM2.5 - Local Conditions","41620","Salt Lake City, UT","49","Utah","035","Salt Lake","40.736389","-111.872222"
"08/07/2013","490353006","6","5.9","ug/m3 LC","25","1","100.0000","88101","PM2.5 - Local Conditions","41620","Salt Lake City, UT","49","Utah","035","Salt Lake","40.736389","-111.872222"
"08/08/2013","490353006","6","4.2","ug/m3 LC","18","1","100.0000","88101","PM2.5 - Local Conditions","41620","Salt Lake City, UT","49","Utah","035","Salt Lake","40.736389","-111.872222"
"08/09/2013","490353006","6","3.9","ug/m3 LC","16","1","100.0000","88101","PM2.5 - Local Conditions","41620","Salt Lake City, UT","49","Utah","035","Salt Lake","40.736389","-111.872222"
"08/10/2013","490353006","6","3.8","ug/m3 LC","16","1","100.0000","88101","PM2.5 - Local Conditions","41620","Salt Lake City, UT","49","Utah","035","Salt Lake","40.736389","-111.872222"
"08/11/2013","490353006","6","3","ug/m3 LC","13","1","100.0000","88101","PM2.5 - Local Conditions","41620","Salt Lake City, UT","49","Utah","035","Salt Lake","40.736389","-111.872222"
"08/12/2013","490353006","6","5.4","ug/m3 LC","23","1","100.0000","88101","PM2.5 - Local Conditions","41620","Salt Lake City, UT","49","Utah","035","Salt Lake","40.736389","-111.872222"
"08/13/2013","490353006","6","6","ug/m3 LC","25","1","100.0000","88101","PM2.5 - Local Conditions","41620","Salt Lake City, UT","49","Utah","035","Salt Lake","40.736389","-111.872222"
"08/14/2013","490353006","6","7.2","ug/m3 LC","30","1","100.0000","88101","PM2.5 - Local Conditions","41620","Salt Lake City, UT","49","Utah","035","Salt Lake","40.736389","-111.872222"
"08/15/2013","490353006","6","7.7","ug/m3 LC","32","1","100.0000","88101","PM2.5 - Local Conditions","41620","Salt Lake City, UT","49","Utah","035","Salt Lake","40.736389","-111.872222"
"08/16/2013","490353006","6","10.4","ug/m3 LC","43","1","100.0000","88101","PM2.5 - Local Conditions","41620","Salt Lake City, UT","49","Utah","035","Salt Lake","40.736389","-111.872222"
"08/17/2013","490353006","6","4.9","ug/m3 LC","20","1","100.0000","88101","PM2.5 - Local Conditions","41620","Salt Lake City, UT","49","Utah","035","Salt Lake","40.736389","-111.872222"
"08/18/2013","490353006","6","4.5","ug/m3 LC","19","1","100.0000","88101","PM2.5 - Local Conditions","41620","Salt Lake City, UT","49","Utah","035","Salt Lake","40.736389","-111.872222"
"08/19/2013","490353006","6","5.3","ug/m3 LC","22","1","100.0000","88101","PM2.5 - Local Conditions","41620","Salt Lake City, UT","49","Utah","035","Salt Lake","40.736389","-111.872222"
"08/20/2013","490353006","6","5","ug/m3 LC","21","1","100.0000","88101","PM2.5 - Local Conditions","41620","Salt Lake City, UT","49","Utah","035","Salt Lake","40.736389","-111.872222"
"08/21/2013","490353006","6","5","ug/m3 LC","21","1","100.0000","88101","PM2.5 - Local Conditions","41620","Salt Lake City, UT","49","Utah","035","Salt Lake","40.736389","-111.872222"
"08/22/2013","490353006","6","5.1","ug/m3 LC","21","1","100.0000","88101","PM2.5 - Local Conditions","41620","Salt Lake City, UT","49","Utah","035","Salt Lake","40.736389","-111.872222"
"08/23/2013","490353006","6","4.4","ug/m3 LC","18","1","100.0000","88101","PM2.5 - Local Conditions","41620","Salt Lake City, UT","49","Utah","035","Salt Lake","40.736389","-111.872222"
"08/24/2013","490353006","6","3.9","ug/m3 LC","16","1","100.0000","88101","PM2.5 - Local Conditions","41620","Salt Lake City, UT","49","Utah","035","Salt Lake","40.736389","-111.872222"
"08/25/2013","490353006","6","4.7","ug/m3 LC","20","1","100.0000","88101","PM2.5 - Local Conditions","41620","Salt Lake City, UT","49","Utah","035","Salt Lake","40.736389","-111.872222"
"08/26/2013","490353006","6","3.4","ug/m3 LC","14","1","100.0000","88101","PM2.5 - Local Conditions","41620","Salt Lake City, UT","49","Utah","035","Salt Lake","40.736389","-111.872222"
"08/27/2013","490353006","6","3.3","ug/m3 LC","14","1","100.0000","88101","PM2.5 - Local Conditions","41620","Salt Lake City, UT","49","Utah","035","Salt Lake","40.736389","-111.872222"
"08/28/2013","490353006","6","4.6","ug/m3 LC","19","1","100.0000","88101","PM2.5 - Local Conditions","41620","Salt Lake City, UT","49","Utah","035","Salt Lake","40.736389","-111.872222"
"08/29/2013","490353006","6","6.3","ug/m3 LC","26","1","100.0000","88101","PM2.5 - Local Conditions","41620","Salt Lake City, UT","49","Utah","035","Salt Lake","40.736389","-111.872222"
"08/30/2013","490353006","6","5.2","ug/m3 LC","22","1","100.0000","88101","PM2.5 - Local Conditions","41620","Salt Lake City, UT","49","Utah","035","Salt Lake","40.736389","-111.872222"
"08/31/2013","490353006","6","5.6","ug/m3 LC","23","1","100.0000","88101","PM2.5 - Local Conditions","41620","Salt Lake City, UT","49","Utah","035","Salt Lake","40.736389","-111.872222"
"09/01/2013","490353006","6","5.4","ug/m3 LC","23","1","100.0000","88101","PM2.5 - Local Conditions","41620","Salt Lake City, UT","49","Utah","035","Salt Lake","40.736389","-111.872222"
"09/02/2013","490353006","6","3.6","ug/m3 LC","15","1","100.0000","88101","PM2.5 - Local Conditions","41620","Salt Lake City, UT","49","Utah","035","Salt Lake","40.736389","-111.872222"
"09/03/2013","490353006","6","6.9","ug/m3 LC","29","1","100.0000","88101","PM2.5 - Local Conditions","41620","Salt Lake City, UT","49","Utah","035","Salt Lake","40.736389","-111.872222"
"09/04/2013","490353006","6","6","ug/m3 LC","25","1","100.0000","88101","PM2.5 - Local Conditions","41620","Salt Lake City, UT","49","Utah","035","Salt Lake","40.736389","-111.872222"
"09/05/2013","490353006","6","4.7","ug/m3 LC","20","1","100.0000","88101","PM2.5 - Local Conditions","41620","Salt Lake City, UT","49","Utah","035","Salt Lake","40.736389","-111.872222"
"09/06/2013","490353006","6","10.3","ug/m3 LC","43","1","100.0000","88101","PM2.5 - Local Conditions","41620","Salt Lake City, UT","49","Utah","035","Salt Lake","40.736389","-111.872222"
"09/07/2013","490353006","6","6.9","ug/m3 LC","29","1","100.0000","88101","PM2.5 - Local Conditions","41620","Salt Lake City, UT","49","Utah","035","Salt Lake","40.736389","-111.872222"
"09/08/2013","490353006","6","3.7","ug/m3 LC","15","1","100.0000","88101","PM2.5 - Local Conditions","41620","Salt Lake City, UT","49","Utah","035","Salt Lake","40.736389","-111.872222"
"09/09/2013","490353006","6","5.8","ug/m3 LC","24","1","100.0000","88101","PM2.5 - Local Conditions","41620","Salt Lake City, UT","49","Utah","035","Salt Lake","40.736389","-111.872222"
"09/10/2013","490353006","6","4.7","ug/m3 LC","20","1","100.0000","88101","PM2.5 - Local Conditions","41620","Salt Lake City, UT","49","Utah","035","Salt Lake","40.736389","-111.872222"
"09/11/2013","490353006","6","2.9","ug/m3 LC","12","1","100.0000","88101","PM2.5 - Local Conditions","41620","Salt Lake City, UT","49","Utah","035","Salt Lake","40.736389","-111.872222"
"09/12/2013","490353006","6","2.6","ug/m3 LC","11","1","100.0000","88101","PM2.5 - Local Conditions","41620","Salt Lake City, UT","49","Utah","035","Salt Lake","40.736389","-111.872222"
"09/13/2013","490353006","6","4.2","ug/m3 LC","18","1","100.0000","88101","PM2.5 - Local Conditions","41620","Salt Lake City, UT","49","Utah","035","Salt Lake","40.736389","-111.872222"
"09/14/2013","490353006","6","5.9","ug/m3 LC","25","1","100.0000","88101","PM2.5 - Local Conditions","41620","Salt Lake City, UT","49","Utah","035","Salt Lake","40.736389","-111.872222"
"09/15/2013","490353006","6","4.7","ug/m3 LC","20","1","100.0000","88101","PM2.5 - Local Conditions","41620","Salt Lake City, UT","49","Utah","035","Salt Lake","40.736389","-111.872222"
"09/16/2013","490353006","6","5.3","ug/m3 LC","22","1","100.0000","88101","PM2.5 - Local Conditions","41620","Salt Lake City, UT","49","Utah","035","Salt Lake","40.736389","-111.872222"
"09/17/2013","490353006","6","5.1","ug/m3 LC","21","1","100.0000","88101","PM2.5 - Local Conditions","41620","Salt Lake City, UT","49","Utah","035","Salt Lake","40.736389","-111.872222"
"09/18/2013","490353006","6","3.5","ug/m3 LC","15","1","100.0000","88101","PM2.5 - Local Conditions","41620","Salt Lake City, UT","49","Utah","035","Salt Lake","40.736389","-111.872222"
"09/19/2013","490353006","6","2.9","ug/m3 LC","12","1","100.0000","88101","PM2.5 - Local Conditions","41620","Salt Lake City, UT","49","Utah","035","Salt Lake","40.736389","-111.872222"
"09/20/2013","490353006","6","7.1","ug/m3 LC","30","1","100.0000","88101","PM2.5 - Local Conditions","41620","Salt Lake City, UT","49","Utah","035","Salt Lake","40.736389","-111.872222"
"09/21/2013","490353006","6","4.7","ug/m3 LC","20","1","100.0000","88101","PM2.5 - Local Conditions","41620","Salt Lake City, UT","49","Utah","035","Salt Lake","40.736389","-111.872222"
"09/22/2013","490353006","6","2.2","ug/m3 LC","9","1","100.0000","88101","PM2.5 - Local Conditions","41620","Salt Lake City, UT","49","Utah","035","Salt Lake","40.736389","-111.872222"
"09/23/2013","490353006","6","2.8","ug/m3 LC","12","1","100.0000","88101","PM2.5 - Local Conditions","41620","Salt Lake City, UT","49","Utah","035","Salt Lake","40.736389","-111.872222"
"09/24/2013","490353006","6","2.3","ug/m3 LC","10","1","100.0000","88101","PM2.5 - Local Conditions","41620","Salt Lake City, UT","49","Utah","035","Salt Lake","40.736389","-111.872222"
"09/25/2013","490353006","6","3.2","ug/m3 LC","13","1","100.0000","88101","PM2.5 - Local Conditions","41620","Salt Lake City, UT","49","Utah","035","Salt Lake","40.736389","-111.872222"
"09/26/2013","490353006","6","2.7","ug/m3 LC","11","1","100.0000","88101","PM2.5 - Local Conditions","41620","Salt Lake City, UT","49","Utah","035","Salt Lake","40.736389","-111.872222"
"09/27/2013","490353006","6","3.5","ug/m3 LC","15","1","100.0000","88101","PM2.5 - Local Conditions","41620","Salt Lake City, UT","49","Utah","035","Salt Lake","40.736389","-111.872222"
"09/28/2013","490353006","6","4.1","ug/m3 LC","17","1","100.0000","88101","PM2.5 - Local Conditions","41620","Salt Lake City, UT","49","Utah","035","Salt Lake","40.736389","-111.872222"
"09/29/2013","490353006","6","2.1","ug/m3 LC","9","1","100.0000","88101","PM2.5 - Local Conditions","41620","Salt Lake City, UT","49","Utah","035","Salt Lake","40.736389","-111.872222"
"09/30/2013","490353006","6","2.9","ug/m3 LC","12","1","100.0000","88101","PM2.5 - Local Conditions","41620","Salt Lake City, UT","49","Utah","035","Salt Lake","40.736389","-111.872222"
"10/01/2013","490353006","6","4.9","ug/m3 LC","20","1","100.0000","88101","PM2.5 - Local Conditions","41620","Salt Lake City, UT","49","Utah","035","Salt Lake","40.736389","-111.872222"
"10/02/2013","490353006","6","6.8","ug/m3 LC","28","1","100.0000","88101","PM2.5 - Local Conditions","41620","Salt Lake City, UT","49","Utah","035","Salt Lake","40.736389","-111.872222"
"10/03/2013","490353006","6","2.7","ug/m3 LC","11","1","100.0000","88101","PM2.5 - Local Conditions","41620","Salt Lake City, UT","49","Utah","035","Salt Lake","40.736389","-111.872222"
"10/04/2013","490353006","6","3.2","ug/m3 LC","13","1","100.0000","88101","PM2.5 - Local Conditions","41620","Salt Lake City, UT","49","Utah","035","Salt Lake","40.736389","-111.872222"
"10/05/2013","490353006","6","6.5","ug/m3 LC","27","1","100.0000","88101","PM2.5 - Local Conditions","41620","Salt Lake City, UT","49","Utah","035","Salt Lake","40.736389","-111.872222"
"10/06/2013","490353006","6","8","ug/m3 LC","33","1","100.0000","88101","PM2.5 - Local Conditions","41620","Salt Lake City, UT","49","Utah","035","Salt Lake","40.736389","-111.872222"
"10/07/2013","490353006","6","5.2","ug/m3 LC","22","1","100.0000","88101","PM2.5 - Local Conditions","41620","Salt Lake City, UT","49","Utah","035","Salt Lake","40.736389","-111.872222"
"10/08/2013","490353006","6","4.4","ug/m3 LC","18","1","100.0000","88101","PM2.5 - Local Conditions","41620","Salt Lake City, UT","49","Utah","035","Salt Lake","40.736389","-111.872222"
"10/09/2013","490353006","6","5.9","ug/m3 LC","25","1","100.0000","88101","PM2.5 - Local Conditions","41620","Salt Lake City, UT","49","Utah","035","Salt Lake","40.736389","-111.872222"
"10/10/2013","490353006","6","3.3","ug/m3 LC","14","1","100.0000","88101","PM2.5 - Local Conditions","41620","Salt Lake City, UT","49","Utah","035","Salt Lake","40.736389","-111.872222"
"10/11/2013","490353006","6","5.6","ug/m3 LC","23","1","100.0000","88101","PM2.5 - Local Conditions","41620","Salt Lake City, UT","49","Utah","035","Salt Lake","40.736389","-111.872222"
"10/12/2013","490353006","6","5.5","ug/m3 LC","23","1","100.0000","88101","PM2.5 - Local Conditions","41620","Salt Lake City, UT","49","Utah","035","Salt Lake","40.736389","-111.872222"
"10/13/2013","490353006","6","4.2","ug/m3 LC","18","1","100.0000","88101","PM2.5 - Local Conditions","41620","Salt Lake City, UT","49","Utah","035","Salt Lake","40.736389","-111.872222"
"10/14/2013","490353006","6","4.5","ug/m3 LC","19","1","100.0000","88101","PM2.5 - Local Conditions","41620","Salt Lake City, UT","49","Utah","035","Salt Lake","40.736389","-111.872222"
"10/15/2013","490353006","6","3.5","ug/m3 LC","15","1","100.0000","88101","PM2.5 - Local Conditions","41620","Salt Lake City, UT","49","Utah","035","Salt Lake","40.736389","-111.872222"
"10/16/2013","490353006","6","6.5","ug/m3 LC","27","1","100.0000","88101","PM2.5 - Local Conditions","41620","Salt Lake City, UT","49","Utah","035","Salt Lake","40.736389","-111.872222"
"10/17/2013","490353006","6","6.4","ug/m3 LC","27","1","100.0000","88101","PM2.5 - Local Conditions","41620","Salt Lake City, UT","49","Utah","035","Salt Lake","40.736389","-111.872222"
"10/18/2013","490353006","6","7.7","ug/m3 LC","32","1","100.0000","88101","PM2.5 - Local Conditions","41620","Salt Lake City, UT","49","Utah","035","Salt Lake","40.736389","-111.872222"
"10/19/2013","490353006","6","6.8","ug/m3 LC","28","1","100.0000","88101","PM2.5 - Local Conditions","41620","Salt Lake City, UT","49","Utah","035","Salt Lake","40.736389","-111.872222"
"10/20/2013","490353006","6","5.2","ug/m3 LC","22","1","100.0000","88101","PM2.5 - Local Conditions","41620","Salt Lake City, UT","49","Utah","035","Salt Lake","40.736389","-111.872222"
"10/21/2013","490353006","6","7.1","ug/m3 LC","30","1","100.0000","88101","PM2.5 - Local Conditions","41620","Salt Lake City, UT","49","Utah","035","Salt Lake","40.736389","-111.872222"
"10/22/2013","490353006","6","8.5","ug/m3 LC","35","1","100.0000","88101","PM2.5 - Local Conditions","41620","Salt Lake City, UT","49","Utah","035","Salt Lake","40.736389","-111.872222"
"10/23/2013","490353006","6","11.3","ug/m3 LC","47","1","100.0000","88101","PM2.5 - Local Conditions","41620","Salt Lake City, UT","49","Utah","035","Salt Lake","40.736389","-111.872222"
"10/24/2013","490353006","6","12.3","ug/m3 LC","51","1","100.0000","88101","PM2.5 - Local Conditions","41620","Salt Lake City, UT","49","Utah","035","Salt Lake","40.736389","-111.872222"
"10/25/2013","490353006","6","14.4","ug/m3 LC","56","1","100.0000","88101","PM2.5 - Local Conditions","41620","Salt Lake City, UT","49","Utah","035","Salt Lake","40.736389","-111.872222"
"10/26/2013","490353006","6","12","ug/m3 LC","50","1","100.0000","88101","PM2.5 - Local Conditions","41620","Salt Lake City, UT","49","Utah","035","Salt Lake","40.736389","-111.872222"
"10/27/2013","490353006","6","5.8","ug/m3 LC","24","1","100.0000","88101","PM2.5 - Local Conditions","41620","Salt Lake City, UT","49","Utah","035","Salt Lake","40.736389","-111.872222"
"10/28/2013","490353006","6","4.7","ug/m3 LC","20","1","100.0000","88101","PM2.5 - Local Conditions","41620","Salt Lake City, UT","49","Utah","035","Salt Lake","40.736389","-111.872222"
"10/29/2013","490353006","6","3.3","ug/m3 LC","14","1","100.0000","88101","PM2.5 - Local Conditions","41620","Salt Lake City, UT","49","Utah","035","Salt Lake","40.736389","-111.872222"
"10/30/2013","490353006","6","5.2","ug/m3 LC","22","1","100.0000","88101","PM2.5 - Local Conditions","41620","Salt Lake City, UT","49","Utah","035","Salt Lake","40.736389","-111.872222"
"10/31/2013","490353006","6","7","ug/m3 LC","29","1","100.0000","88101","PM2.5 - Local Conditions","41620","Salt Lake City, UT","49","Utah","035","Salt Lake","40.736389","-111.872222"
"12/01/2013","490353006","6","11.8","ug/m3 LC","49","1","100.0000","88101","PM2.5 - Local Conditions","41620","Salt Lake City, UT","49","Utah","035","Salt Lake","40.736389","-111.872222"
"12/02/2013","490353006","6","3.1","ug/m3 LC","13","1","100.0000","88101","PM2.5 - Local Conditions","41620","Salt Lake City, UT","49","Utah","035","Salt Lake","40.736389","-111.872222"
"12/03/2013","490353006","6","2.2","ug/m3 LC","9","1","100.0000","88101","PM2.5 - Local Conditions","41620","Salt Lake City, UT","49","Utah","035","Salt Lake","40.736389","-111.872222"
"12/04/2013","490353006","6","4.7","ug/m3 LC","20","1","100.0000","88101","PM2.5 - Local Conditions","41620","Salt Lake City, UT","49","Utah","035","Salt Lake","40.736389","-111.872222"
"12/05/2013","490353006","6","11.3","ug/m3 LC","47","1","100.0000","88101","PM2.5 - Local Conditions","41620","Salt Lake City, UT","49","Utah","035","Salt Lake","40.736389","-111.872222"
"12/06/2013","490353006","6","13.7","ug/m3 LC","54","1","100.0000","88101","PM2.5 - Local Conditions","41620","Salt Lake City, UT","49","Utah","035","Salt Lake","40.736389","-111.872222"
"12/07/2013","490353006","6","6.5","ug/m3 LC","27","1","100.0000","88101","PM2.5 - Local Conditions","41620","Salt Lake City, UT","49","Utah","035","Salt Lake","40.736389","-111.872222"
"12/08/2013","490353006","6","6","ug/m3 LC","25","1","100.0000","88101","PM2.5 - Local Conditions","41620","Salt Lake City, UT","49","Utah","035","Salt Lake","40.736389","-111.872222"
"12/09/2013","490353006","6","9.7","ug/m3 LC","40","1","100.0000","88101","PM2.5 - Local Conditions","41620","Salt Lake City, UT","49","Utah","035","Salt Lake","40.736389","-111.872222"
"12/10/2013","490353006","6","16.7","ug/m3 LC","61","1","100.0000","88101","PM2.5 - Local Conditions","41620","Salt Lake City, UT","49","Utah","035","Salt Lake","40.736389","-111.872222"
"12/11/2013","490353006","6","33.7","ug/m3 LC","96","1","100.0000","88101","PM2.5 - Local Conditions","41620","Salt Lake City, UT","49","Utah","035","Salt Lake","40.736389","-111.872222"
"12/12/2013","490353006","6","44.1","ug/m3 LC","122","1","100.0000","88101","PM2.5 - Local Conditions","41620","Salt Lake City, UT","49","Utah","035","Salt Lake","40.736389","-111.872222"
"12/13/2013","490353006","6","51.6","ug/m3 LC","141","1","100.0000","88101","PM2.5 - Local Conditions","41620","Salt Lake City, UT","49","Utah","035","Salt Lake","40.736389","-111.872222"
"12/14/2013","490353006","6","55","ug/m3 LC","149","1","100.0000","88101","PM2.5 - Local Conditions","41620","Salt Lake City, UT","49","Utah","035","Salt Lake","40.736389","-111.872222"
"12/15/2013","490353006","6","47.6","ug/m3 LC","131","1","100.0000","88101","PM2.5 - Local Conditions","41620","Salt Lake City, UT","49","Utah","035","Salt Lake","40.736389","-111.872222"
"12/16/2013","490353006","6","38.2","ug/m3 LC","108","1","100.0000","88101","PM2.5 - Local Conditions","41620","Salt Lake City, UT","49","Utah","035","Salt Lake","40.736389","-111.872222"
"12/17/2013","490353006","6","37.9","ug/m3 LC","107","1","100.0000","88101","PM2.5 - Local Conditions","41620","Salt Lake City, UT","49","Utah","035","Salt Lake","40.736389","-111.872222"
"12/18/2013","490353006","6","33.4","ug/m3 LC","96","1","100.0000","88101","PM2.5 - Local Conditions","41620","Salt Lake City, UT","49","Utah","035","Salt Lake","40.736389","-111.872222"
"12/19/2013","490353006","6","15.4","ug/m3 LC","58","1","100.0000","88101","PM2.5 - Local Conditions","41620","Salt Lake City, UT","49","Utah","035","Salt Lake","40.736389","-111.872222"
"12/20/2013","490353006","6","15.9","ug/m3 LC","59","1","100.0000","88101","PM2.5 - Local Conditions","41620","Salt Lake City, UT","49","Utah","035","Salt Lake","40.736389","-111.872222"
"12/21/2013","490353006","6","21.4","ug/m3 LC","71","1","100.0000","88101","PM2.5 - Local Conditions","41620","Salt Lake City, UT","49","Utah","035","Salt Lake","40.736389","-111.872222"
"12/22/2013","490353006","6","13.3","ug/m3 LC","54","1","100.0000","88101","PM2.5 - Local Conditions","41620","Salt Lake City, UT","49","Utah","035","Salt Lake","40.736389","-111.872222"
"12/23/2013","490353006","6","13.3","ug/m3 LC","54","1","100.0000","88101","PM2.5 - Local Conditions","41620","Salt Lake City, UT","49","Utah","035","Salt Lake","40.736389","-111.872222"
"12/24/2013","490353006","6","7.4","ug/m3 LC","31","1","100.0000","88101","PM2.5 - Local Conditions","41620","Salt Lake City, UT","49","Utah","035","Salt Lake","40.736389","-111.872222"
"12/25/2013","490353006","6","13.4","ug/m3 LC","54","1","100.0000","88101","PM2.5 - Local Conditions","41620","Salt Lake City, UT","49","Utah","035","Salt Lake","40.736389","-111.872222"
"12/26/2013","490353006","6","25.3","ug/m3 LC","79","1","100.0000","88101","PM2.5 - Local Conditions","41620","Salt Lake City, UT","49","Utah","035","Salt Lake","40.736389","-111.872222"
"12/27/2013","490353006","6","39.4","ug/m3 LC","111","1","100.0000","88101","PM2.5 - Local Conditions","41620","Salt Lake City, UT","49","Utah","035","Salt Lake","40.736389","-111.872222"
"12/28/2013","490353006","6","36","ug/m3 LC","102","1","100.0000","88101","PM2.5 - Local Conditions","41620","Salt Lake City, UT","49","Utah","035","Salt Lake","40.736389","-111.872222"
"12/29/2013","490353006","6","34.3","ug/m3 LC","98","1","100.0000","88101","PM2.5 - Local Conditions","41620","Salt Lake City, UT","49","Utah","035","Salt Lake","40.736389","-111.872222"
"12/30/2013","490353006","6","42.3","ug/m3 LC","118","1","100.0000","88101","PM2.5 - Local Conditions","41620","Salt Lake City, UT","49","Utah","035","Salt Lake","40.736389","-111.872222"
"12/31/2013","490353006","6","58.8","ug/m3 LC","153","1","100.0000","88101","PM2.5 - Local Conditions","41620","Salt Lake City, UT","49","Utah","035","Salt Lake","40.736389","-111.872222"
