"Date","AQS_SITE_ID","POC","Daily Mean PM2.5 Concentration","UNITS","DAILY_AQI_VALUE","DAILY_OBS_COUNT","PERCENT_COMPLETE","AQS_PARAMETER_CODE","AQS_PARAMETER_DESC","CBSA_CODE","CBSA_NAME","STATE_CODE","STATE","COUNTY_CODE","COUNTY","SITE_LATITUDE","SITE_LONGITUDE"
"01/01/2016","490353006","1","20.7","ug/m3 LC","69","1","100.0000","88101","PM2.5 - Local Conditions","41620","Salt Lake City, UT","49","Utah","035","Salt Lake","40.736389","-111.872222"
"01/02/2016","490353006","1","27.3","ug/m3 LC","83","1","100.0000","88101","PM2.5 - Local Conditions","41620","Salt Lake City, UT","49","Utah","035","Salt Lake","40.736389","-111.872222"
"01/03/2016","490353006","1","29","ug/m3 LC","87","1","100.0000","88101","PM2.5 - Local Conditions","41620","Salt Lake City, UT","49","Utah","035","Salt Lake","40.736389","-111.872222"
"01/04/2016","490353006","1","35.6","ug/m3 LC","101","1","100.0000","88101","PM2.5 - Local Conditions","41620","Salt Lake City, UT","49","Utah","035","Salt Lake","40.736389","-111.872222"
"01/05/2016","490353006","1","25.5","ug/m3 LC","79","1","100.0000","88101","PM2.5 - Local Conditions","41620","Salt Lake City, UT","49","Utah","035","Salt Lake","40.736389","-111.872222"
"01/06/2016","490353006","1","15.5","ug/m3 LC","58","1","100.0000","88101","PM2.5 - Local Conditions","41620","Salt Lake City, UT","49","Utah","035","Salt Lake","40.736389","-111.872222"
"01/07/2016","490353006","1","15","ug/m3 LC","57","1","100.0000","88101","PM2.5 - Local Conditions","41620","Salt Lake City, UT","49","Utah","035","Salt Lake","40.736389","-111.872222"
"01/08/2016","490353006","1","5.9","ug/m3 LC","25","1","100.0000","88101","PM2.5 - Local Conditions","41620","Salt Lake City, UT","49","Utah","035","Salt Lake","40.736389","-111.872222"
"01/09/2016","490353006","1","9.3","ug/m3 LC","39","1","100.0000","88101","PM2.5 - Local Conditions","41620","Salt Lake City, UT","49","Utah","035","Salt Lake","40.736389","-111.872222"
"01/10/2016","490353006","1","10.1","ug/m3 LC","42","1","100.0000","88101","PM2.5 - Local Conditions","41620","Salt Lake City, UT","49","Utah","035","Salt Lake","40.736389","-111.872222"
"01/11/2016","490353006","1","10.2","ug/m3 LC","43","1","100.0000","88101","PM2.5 - Local Conditions","41620","Salt Lake City, UT","49","Utah","035","Salt Lake","40.736389","-111.872222"
"01/12/2016","490353006","1","20.8","ug/m3 LC","69","1","100.0000","88101","PM2.5 - Local Conditions","41620","Salt Lake City, UT","49","Utah","035","Salt Lake","40.736389","-111.872222"
"01/13/2016","490353006","1","32.2","ug/m3 LC","93","1","100.0000","88101","PM2.5 - Local Conditions","41620","Salt Lake City, UT","49","Utah","035","Salt Lake","40.736389","-111.872222"
"01/14/2016","490353006","1","19","ug/m3 LC","66","1","100.0000","88101","PM2.5 - Local Conditions","41620","Salt Lake City, UT","49","Utah","035","Salt Lake","40.736389","-111.872222"
"01/15/2016","490353006","1","11.4","ug/m3 LC","48","1","100.0000","88101","PM2.5 - Local Conditions","41620","Salt Lake City, UT","49","Utah","035","Salt Lake","40.736389","-111.872222"
"01/16/2016","490353006","1","8.8","ug/m3 LC","37","1","100.0000","88101","PM2.5 - Local Conditions","41620","Salt Lake City, UT","49","Utah","035","Salt Lake","40.736389","-111.872222"
"01/17/2016","490353006","1","7.8","ug/m3 LC","33","1","100.0000","88101","PM2.5 - Local Conditions","41620","Salt Lake City, UT","49","Utah","035","Salt Lake","40.736389","-111.872222"
"01/18/2016","490353006","1","6.5","ug/m3 LC","27","1","100.0000","88101","PM2.5 - Local Conditions","41620","Salt Lake City, UT","49","Utah","035","Salt Lake","40.736389","-111.872222"
"01/19/2016","490353006","1","5.8","ug/m3 LC","24","1","100.0000","88101","PM2.5 - Local Conditions","41620","Salt Lake City, UT","49","Utah","035","Salt Lake","40.736389","-111.872222"
"01/20/2016","490353006","1","1.5","ug/m3 LC","6","1","100.0000","88101","PM2.5 - Local Conditions","41620","Salt Lake City, UT","49","Utah","035","Salt Lake","40.736389","-111.872222"
"01/21/2016","490353006","1","7.7","ug/m3 LC","32","1","100.0000","88101","PM2.5 - Local Conditions","41620","Salt Lake City, UT","49","Utah","035","Salt Lake","40.736389","-111.872222"
"01/22/2016","490353006","1","16.5","ug/m3 LC","60","1","100.0000","88101","PM2.5 - Local Conditions","41620","Salt Lake City, UT","49","Utah","035","Salt Lake","40.736389","-111.872222"
"01/23/2016","490353006","1","20.6","ug/m3 LC","69","1","100.0000","88101","PM2.5 - Local Conditions","41620","Salt Lake City, UT","49","Utah","035","Salt Lake","40.736389","-111.872222"
"01/24/2016","490353006","1","10.5","ug/m3 LC","44","1","100.0000","88101","PM2.5 - Local Conditions","41620","Salt Lake City, UT","49","Utah","035","Salt Lake","40.736389","-111.872222"
"01/25/2016","490353006","1","5.1","ug/m3 LC","21","1","100.0000","88101","PM2.5 - Local Conditions","41620","Salt Lake City, UT","49","Utah","035","Salt Lake","40.736389","-111.872222"
"01/26/2016","490353006","1","11","ug/m3 LC","46","1","100.0000","88101","PM2.5 - Local Conditions","41620","Salt Lake City, UT","49","Utah","035","Salt Lake","40.736389","-111.872222"
"01/27/2016","490353006","1","24.8","ug/m3 LC","78","1","100.0000","88101","PM2.5 - Local Conditions","41620","Salt Lake City, UT","49","Utah","035","Salt Lake","40.736389","-111.872222"
"01/28/2016","490353006","1","34.7","ug/m3 LC","99","1","100.0000","88101","PM2.5 - Local Conditions","41620","Salt Lake City, UT","49","Utah","035","Salt Lake","40.736389","-111.872222"
"01/29/2016","490353006","1","24.8","ug/m3 LC","78","1","100.0000","88101","PM2.5 - Local Conditions","41620","Salt Lake City, UT","49","Utah","035","Salt Lake","40.736389","-111.872222"
"01/30/2016","490353006","1","4.2","ug/m3 LC","18","1","100.0000","88101","PM2.5 - Local Conditions","41620","Salt Lake City, UT","49","Utah","035","Salt Lake","40.736389","-111.872222"
"01/31/2016","490353006","1","9","ug/m3 LC","38","1","100.0000","88101","PM2.5 - Local Conditions","41620","Salt Lake City, UT","49","Utah","035","Salt Lake","40.736389","-111.872222"
"02/01/2016","490353006","1","3.1","ug/m3 LC","13","1","100.0000","88101","PM2.5 - Local Conditions","41620","Salt Lake City, UT","49","Utah","035","Salt Lake","40.736389","-111.872222"
"02/02/2016","490353006","1","5.4","ug/m3 LC","23","1","100.0000","88101","PM2.5 - Local Conditions","41620","Salt Lake City, UT","49","Utah","035","Salt Lake","40.736389","-111.872222"
"02/03/2016","490353006","1","9.5","ug/m3 LC","40","1","100.0000","88101","PM2.5 - Local Conditions","41620","Salt Lake City, UT","49","Utah","035","Salt Lake","40.736389","-111.872222"
"02/04/2016","490353006","1","13.9","ug/m3 LC","55","1","100.0000","88101","PM2.5 - Local Conditions","41620","Salt Lake City, UT","49","Utah","035","Salt Lake","40.736389","-111.872222"
"02/05/2016","490353006","1","19.2","ug/m3 LC","66","1","100.0000","88101","PM2.5 - Local Conditions","41620","Salt Lake City, UT","49","Utah","035","Salt Lake","40.736389","-111.872222"
"02/06/2016","490353006","1","21.3","ug/m3 LC","70","1","100.0000","88101","PM2.5 - Local Conditions","41620","Salt Lake City, UT","49","Utah","035","Salt Lake","40.736389","-111.872222"
"02/07/2016","490353006","1","38.6","ug/m3 LC","109","1","100.0000","88101","PM2.5 - Local Conditions","41620","Salt Lake City, UT","49","Utah","035","Salt Lake","40.736389","-111.872222"
"02/08/2016","490353006","1","44.5","ug/m3 LC","123","1","100.0000","88101","PM2.5 - Local Conditions","41620","Salt Lake City, UT","49","Utah","035","Salt Lake","40.736389","-111.872222"
"02/09/2016","490353006","1","50","ug/m3 LC","137","1","100.0000","88101","PM2.5 - Local Conditions","41620","Salt Lake City, UT","49","Utah","035","Salt Lake","40.736389","-111.872222"
"02/10/2016","490353006","1","59.1","ug/m3 LC","153","1","100.0000","88101","PM2.5 - Local Conditions","41620","Salt Lake City, UT","49","Utah","035","Salt Lake","40.736389","-111.872222"
"02/11/2016","490353006","1","53.4","ug/m3 LC","145","1","100.0000","88101","PM2.5 - Local Conditions","41620","Salt Lake City, UT","49","Utah","035","Salt Lake","40.736389","-111.872222"
"02/12/2016","490353006","1","58.9","ug/m3 LC","153","1","100.0000","88101","PM2.5 - Local Conditions","41620","Salt Lake City, UT","49","Utah","035","Salt Lake","40.736389","-111.872222"
"02/13/2016","490353006","1","52.4","ug/m3 LC","143","1","100.0000","88101","PM2.5 - Local Conditions","41620","Salt Lake City, UT","49","Utah","035","Salt Lake","40.736389","-111.872222"
"02/14/2016","490353006","1","42","ug/m3 LC","117","1","100.0000","88101","PM2.5 - Local Conditions","41620","Salt Lake City, UT","49","Utah","035","Salt Lake","40.736389","-111.872222"
"02/15/2016","490353006","1","25.6","ug/m3 LC","79","1","100.0000","88101","PM2.5 - Local Conditions","41620","Salt Lake City, UT","49","Utah","035","Salt Lake","40.736389","-111.872222"
"02/16/2016","490353006","1","7.5","ug/m3 LC","31","1","100.0000","88101","PM2.5 - Local Conditions","41620","Salt Lake City, UT","49","Utah","035","Salt Lake","40.736389","-111.872222"
"02/17/2016","490353006","1","5.1","ug/m3 LC","21","1","100.0000","88101","PM2.5 - Local Conditions","41620","Salt Lake City, UT","49","Utah","035","Salt Lake","40.736389","-111.872222"
"02/18/2016","490353006","1","1.7","ug/m3 LC","7","1","100.0000","88101","PM2.5 - Local Conditions","41620","Salt Lake City, UT","49","Utah","035","Salt Lake","40.736389","-111.872222"
"02/19/2016","490353006","1","3.2","ug/m3 LC","13","1","100.0000","88101","PM2.5 - Local Conditions","41620","Salt Lake City, UT","49","Utah","035","Salt Lake","40.736389","-111.872222"
"02/20/2016","490353006","1","4.9","ug/m3 LC","20","1","100.0000","88101","PM2.5 - Local Conditions","41620","Salt Lake City, UT","49","Utah","035","Salt Lake","40.736389","-111.872222"
"02/21/2016","490353006","1","6.7","ug/m3 LC","28","1","100.0000","88101","PM2.5 - Local Conditions","41620","Salt Lake City, UT","49","Utah","035","Salt Lake","40.736389","-111.872222"
"02/22/2016","490353006","1","6.1","ug/m3 LC","25","1","100.0000","88101","PM2.5 - Local Conditions","41620","Salt Lake City, UT","49","Utah","035","Salt Lake","40.736389","-111.872222"
"02/23/2016","490353006","1","6","ug/m3 LC","25","1","100.0000","88101","PM2.5 - Local Conditions","41620","Salt Lake City, UT","49","Utah","035","Salt Lake","40.736389","-111.872222"
"02/24/2016","490353006","1","10.4","ug/m3 LC","43","1","100.0000","88101","PM2.5 - Local Conditions","41620","Salt Lake City, UT","49","Utah","035","Salt Lake","40.736389","-111.872222"
"02/25/2016","490353006","1","9.9","ug/m3 LC","41","1","100.0000","88101","PM2.5 - Local Conditions","41620","Salt Lake City, UT","49","Utah","035","Salt Lake","40.736389","-111.872222"
"02/26/2016","490353006","1","7.4","ug/m3 LC","31","1","100.0000","88101","PM2.5 - Local Conditions","41620","Salt Lake City, UT","49","Utah","035","Salt Lake","40.736389","-111.872222"
"02/27/2016","490353006","1","5.1","ug/m3 LC","21","1","100.0000","88101","PM2.5 - Local Conditions","41620","Salt Lake City, UT","49","Utah","035","Salt Lake","40.736389","-111.872222"
"02/28/2016","490353006","1","2.7","ug/m3 LC","11","1","100.0000","88101","PM2.5 - Local Conditions","41620","Salt Lake City, UT","49","Utah","035","Salt Lake","40.736389","-111.872222"
"02/29/2016","490353006","1","2.9","ug/m3 LC","12","1","100.0000","88101","PM2.5 - Local Conditions","41620","Salt Lake City, UT","49","Utah","035","Salt Lake","40.736389","-111.872222"
"03/01/2016","490353006","1","3.5","ug/m3 LC","15","1","100.0000","88101","PM2.5 - Local Conditions","41620","Salt Lake City, UT","49","Utah","035","Salt Lake","40.736389","-111.872222"
"03/02/2016","490353006","1","3.1","ug/m3 LC","13","1","100.0000","88101","PM2.5 - Local Conditions","41620","Salt Lake City, UT","49","Utah","035","Salt Lake","40.736389","-111.872222"
"03/03/2016","490353006","1","5","ug/m3 LC","21","1","100.0000","88101","PM2.5 - Local Conditions","41620","Salt Lake City, UT","49","Utah","035","Salt Lake","40.736389","-111.872222"
"03/04/2016","490353006","1","6.6","ug/m3 LC","28","1","100.0000","88101","PM2.5 - Local Conditions","41620","Salt Lake City, UT","49","Utah","035","Salt Lake","40.736389","-111.872222"
"03/05/2016","490353006","1","5","ug/m3 LC","21","1","100.0000","88101","PM2.5 - Local Conditions","41620","Salt Lake City, UT","49","Utah","035","Salt Lake","40.736389","-111.872222"
"03/06/2016","490353006","1","3","ug/m3 LC","13","1","100.0000","88101","PM2.5 - Local Conditions","41620","Salt Lake City, UT","49","Utah","035","Salt Lake","40.736389","-111.872222"
"03/07/2016","490353006","1","5.7","ug/m3 LC","24","1","100.0000","88101","PM2.5 - Local Conditions","41620","Salt Lake City, UT","49","Utah","035","Salt Lake","40.736389","-111.872222"
"03/08/2016","490353006","1","3.4","ug/m3 LC","14","1","100.0000","88101","PM2.5 - Local Conditions","41620","Salt Lake City, UT","49","Utah","035","Salt Lake","40.736389","-111.872222"
"03/09/2016","490353006","1","1.7","ug/m3 LC","7","1","100.0000","88101","PM2.5 - Local Conditions","41620","Salt Lake City, UT","49","Utah","035","Salt Lake","40.736389","-111.872222"
"03/10/2016","490353006","1","2.6","ug/m3 LC","11","1","100.0000","88101","PM2.5 - Local Conditions","41620","Salt Lake City, UT","49","Utah","035","Salt Lake","40.736389","-111.872222"
"03/11/2016","490353006","1","2.1","ug/m3 LC","9","1","100.0000","88101","PM2.5 - Local Conditions","41620","Salt Lake City, UT","49","Utah","035","Salt Lake","40.736389","-111.872222"
"03/12/2016","490353006","1","3.3","ug/m3 LC","14","1","100.0000","88101","PM2.5 - Local Conditions","41620","Salt Lake City, UT","49","Utah","035","Salt Lake","40.736389","-111.872222"
"03/13/2016","490353006","1","2.9","ug/m3 LC","12","1","100.0000","88101","PM2.5 - Local Conditions","41620","Salt Lake City, UT","49","Utah","035","Salt Lake","40.736389","-111.872222"
"03/14/2016","490353006","1","1.9","ug/m3 LC","8","1","100.0000","88101","PM2.5 - Local Conditions","41620","Salt Lake City, UT","49","Utah","035","Salt Lake","40.736389","-111.872222"
"03/15/2016","490353006","1","2.8","ug/m3 LC","12","1","100.0000","88101","PM2.5 - Local Conditions","41620","Salt Lake City, UT","49","Utah","035","Salt Lake","40.736389","-111.872222"
"03/16/2016","490353006","1","3.2","ug/m3 LC","13","1","100.0000","88101","PM2.5 - Local Conditions","41620","Salt Lake City, UT","49","Utah","035","Salt Lake","40.736389","-111.872222"
"03/17/2016","490353006","1","2.9","ug/m3 LC","12","1","100.0000","88101","PM2.5 - Local Conditions","41620","Salt Lake City, UT","49","Utah","035","Salt Lake","40.736389","-111.872222"
"03/18/2016","490353006","1","2.8","ug/m3 LC","12","1","100.0000","88101","PM2.5 - Local Conditions","41620","Salt Lake City, UT","49","Utah","035","Salt Lake","40.736389","-111.872222"
"03/19/2016","490353006","1","5.2","ug/m3 LC","22","1","100.0000","88101","PM2.5 - Local Conditions","41620","Salt Lake City, UT","49","Utah","035","Salt Lake","40.736389","-111.872222"
"03/20/2016","490353006","1","6.1","ug/m3 LC","25","1","100.0000","88101","PM2.5 - Local Conditions","41620","Salt Lake City, UT","49","Utah","035","Salt Lake","40.736389","-111.872222"
"03/21/2016","490353006","1","6.6","ug/m3 LC","28","1","100.0000","88101","PM2.5 - Local Conditions","41620","Salt Lake City, UT","49","Utah","035","Salt Lake","40.736389","-111.872222"
"03/22/2016","490353006","1","4.3","ug/m3 LC","18","1","100.0000","88101","PM2.5 - Local Conditions","41620","Salt Lake City, UT","49","Utah","035","Salt Lake","40.736389","-111.872222"
"03/23/2016","490353006","1","1.2","ug/m3 LC","5","1","100.0000","88101","PM2.5 - Local Conditions","41620","Salt Lake City, UT","49","Utah","035","Salt Lake","40.736389","-111.872222"
"03/24/2016","490353006","1","2.8","ug/m3 LC","12","1","100.0000","88101","PM2.5 - Local Conditions","41620","Salt Lake City, UT","49","Utah","035","Salt Lake","40.736389","-111.872222"
"03/25/2016","490353006","1","2.1","ug/m3 LC","9","1","100.0000","88101","PM2.5 - Local Conditions","41620","Salt Lake City, UT","49","Utah","035","Salt Lake","40.736389","-111.872222"
"03/26/2016","490353006","1","2.8","ug/m3 LC","12","1","100.0000","88101","PM2.5 - Local Conditions","41620","Salt Lake City, UT","49","Utah","035","Salt Lake","40.736389","-111.872222"
"03/27/2016","490353006","1","2.4","ug/m3 LC","10","1","100.0000","88101","PM2.5 - Local Conditions","41620","Salt Lake City, UT","49","Utah","035","Salt Lake","40.736389","-111.872222"
"03/28/2016","490353006","1","5.6","ug/m3 LC","23","1","100.0000","88101","PM2.5 - Local Conditions","41620","Salt Lake City, UT","49","Utah","035","Salt Lake","40.736389","-111.872222"
"03/29/2016","490353006","1","2.2","ug/m3 LC","9","1","100.0000","88101","PM2.5 - Local Conditions","41620","Salt Lake City, UT","49","Utah","035","Salt Lake","40.736389","-111.872222"
"03/30/2016","490353006","1","2.4","ug/m3 LC","10","1","100.0000","88101","PM2.5 - Local Conditions","41620","Salt Lake City, UT","49","Utah","035","Salt Lake","40.736389","-111.872222"
"03/31/2016","490353006","1","4.6","ug/m3 LC","19","1","100.0000","88101","PM2.5 - Local Conditions","41620","Salt Lake City, UT","49","Utah","035","Salt Lake","40.736389","-111.872222"
"04/01/2016","490353006","1","4","ug/m3 LC","17","1","100.0000","88101","PM2.5 - Local Conditions","41620","Salt Lake City, UT","49","Utah","035","Salt Lake","40.736389","-111.872222"
"04/02/2016","490353006","1","4.6","ug/m3 LC","19","1","100.0000","88101","PM2.5 - Local Conditions","41620","Salt Lake City, UT","49","Utah","035","Salt Lake","40.736389","-111.872222"
"04/03/2016","490353006","1","2.8","ug/m3 LC","12","1","100.0000","88101","PM2.5 - Local Conditions","41620","Salt Lake City, UT","49","Utah","035","Salt Lake","40.736389","-111.872222"
"04/04/2016","490353006","1","3.5","ug/m3 LC","15","1","100.0000","88101","PM2.5 - Local Conditions","41620","Salt Lake City, UT","49","Utah","035","Salt Lake","40.736389","-111.872222"
"04/05/2016","490353006","1","2.6","ug/m3 LC","11","1","100.0000","88101","PM2.5 - Local Conditions","41620","Salt Lake City, UT","49","Utah","035","Salt Lake","40.736389","-111.872222"
"04/06/2016","490353006","1","3.3","ug/m3 LC","14","1","100.0000","88101","PM2.5 - Local Conditions","41620","Salt Lake City, UT","49","Utah","035","Salt Lake","40.736389","-111.872222"
"04/07/2016","490353006","1","4.2","ug/m3 LC","18","1","100.0000","88101","PM2.5 - Local Conditions","41620","Salt Lake City, UT","49","Utah","035","Salt Lake","40.736389","-111.872222"
"04/08/2016","490353006","1","3.6","ug/m3 LC","15","1","100.0000","88101","PM2.5 - Local Conditions","41620","Salt Lake City, UT","49","Utah","035","Salt Lake","40.736389","-111.872222"
"04/09/2016","490353006","1","1.8","ug/m3 LC","8","1","100.0000","88101","PM2.5 - Local Conditions","41620","Salt Lake City, UT","49","Utah","035","Salt Lake","40.736389","-111.872222"
"04/10/2016","490353006","1","0.2","ug/m3 LC","1","1","100.0000","88101","PM2.5 - Local Conditions","41620","Salt Lake City, UT","49","Utah","035","Salt Lake","40.736389","-111.872222"
"04/11/2016","490353006","1","2.4","ug/m3 LC","10","1","100.0000","88101","PM2.5 - Local Conditions","41620","Salt Lake City, UT","49","Utah","035","Salt Lake","40.736389","-111.872222"
"04/12/2016","490353006","1","3.4","ug/m3 LC","14","1","100.0000","88101","PM2.5 - Local Conditions","41620","Salt Lake City, UT","49","Utah","035","Salt Lake","40.736389","-111.872222"
"04/13/2016","490353006","1","2.8","ug/m3 LC","12","1","100.0000","88101","PM2.5 - Local Conditions","41620","Salt Lake City, UT","49","Utah","035","Salt Lake","40.736389","-111.872222"
"04/14/2016","490353006","1","3.4","ug/m3 LC","14","1","100.0000","88101","PM2.5 - Local Conditions","41620","Salt Lake City, UT","49","Utah","035","Salt Lake","40.736389","-111.872222"
"04/15/2016","490353006","1","2.2","ug/m3 LC","9","1","100.0000","88101","PM2.5 - Local Conditions","41620","Salt Lake City, UT","49","Utah","035","Salt Lake","40.736389","-111.872222"
"04/16/2016","490353006","1","2","ug/m3 LC","8","1","100.0000","88101","PM2.5 - Local Conditions","41620","Salt Lake City, UT","49","Utah","035","Salt Lake","40.736389","-111.872222"
"04/17/2016","490353006","1","1.1","ug/m3 LC","5","1","100.0000","88101","PM2.5 - Local Conditions","41620","Salt Lake City, UT","49","Utah","035","Salt Lake","40.736389","-111.872222"
"04/18/2016","490353006","1","1.8","ug/m3 LC","8","1","100.0000","88101","PM2.5 - Local Conditions","41620","Salt Lake City, UT","49","Utah","035","Salt Lake","40.736389","-111.872222"
"04/19/2016","490353006","1","2.9","ug/m3 LC","12","1","100.0000","88101","PM2.5 - Local Conditions","41620","Salt Lake City, UT","49","Utah","035","Salt Lake","40.736389","-111.872222"
"04/20/2016","490353006","1","4.3","ug/m3 LC","18","1","100.0000","88101","PM2.5 - Local Conditions","41620","Salt Lake City, UT","49","Utah","035","Salt Lake","40.736389","-111.872222"
"04/21/2016","490353006","1","4.4","ug/m3 LC","18","1","100.0000","88101","PM2.5 - Local Conditions","41620","Salt Lake City, UT","49","Utah","035","Salt Lake","40.736389","-111.872222"
"04/22/2016","490353006","1","9.1","ug/m3 LC","38","1","100.0000","88101","PM2.5 - Local Conditions","41620","Salt Lake City, UT","49","Utah","035","Salt Lake","40.736389","-111.872222"
"04/23/2016","490353006","1","3.9","ug/m3 LC","16","1","100.0000","88101","PM2.5 - Local Conditions","41620","Salt Lake City, UT","49","Utah","035","Salt Lake","40.736389","-111.872222"
"04/24/2016","490353006","1","2.2","ug/m3 LC","9","1","100.0000","88101","PM2.5 - Local Conditions","41620","Salt Lake City, UT","49","Utah","035","Salt Lake","40.736389","-111.872222"
"04/25/2016","490353006","1","3","ug/m3 LC","13","1","100.0000","88101","PM2.5 - Local Conditions","41620","Salt Lake City, UT","49","Utah","035","Salt Lake","40.736389","-111.872222"
"04/26/2016","490353006","1","2.5","ug/m3 LC","10","1","100.0000","88101","PM2.5 - Local Conditions","41620","Salt Lake City, UT","49","Utah","035","Salt Lake","40.736389","-111.872222"
"04/27/2016","490353006","1","2.5","ug/m3 LC","10","1","100.0000","88101","PM2.5 - Local Conditions","41620","Salt Lake City, UT","49","Utah","035","Salt Lake","40.736389","-111.872222"
"04/28/2016","490353006","1","1.1","ug/m3 LC","5","1","100.0000","88101","PM2.5 - Local Conditions","41620","Salt Lake City, UT","49","Utah","035","Salt Lake","40.736389","-111.872222"
"04/29/2016","490353006","1","1.8","ug/m3 LC","8","1","100.0000","88101","PM2.5 - Local Conditions","41620","Salt Lake City, UT","49","Utah","035","Salt Lake","40.736389","-111.872222"
"04/30/2016","490353006","1","1.4","ug/m3 LC","6","1","100.0000","88101","PM2.5 - Local Conditions","41620","Salt Lake City, UT","49","Utah","035","Salt Lake","40.736389","-111.872222"
"05/01/2016","490353006","1","1.9","ug/m3 LC","8","1","100.0000","88101","PM2.5 - Local Conditions","41620","Salt Lake City, UT","49","Utah","035","Salt Lake","40.736389","-111.872222"
"05/02/2016","490353006","1","2.4","ug/m3 LC","10","1","100.0000","88101","PM2.5 - Local Conditions","41620","Salt Lake City, UT","49","Utah","035","Salt Lake","40.736389","-111.872222"
"05/03/2016","490353006","1","4","ug/m3 LC","17","1","100.0000","88101","PM2.5 - Local Conditions","41620","Salt Lake City, UT","49","Utah","035","Salt Lake","40.736389","-111.872222"
"05/04/2016","490353006","1","5","ug/m3 LC","21","1","100.0000","88101","PM2.5 - Local Conditions","41620","Salt Lake City, UT","49","Utah","035","Salt Lake","40.736389","-111.872222"
"05/05/2016","490353006","1","5.6","ug/m3 LC","23","1","100.0000","88101","PM2.5 - Local Conditions","41620","Salt Lake City, UT","49","Utah","035","Salt Lake","40.736389","-111.872222"
"05/06/2016","490353006","1","3.9","ug/m3 LC","16","1","100.0000","88101","PM2.5 - Local Conditions","41620","Salt Lake City, UT","49","Utah","035","Salt Lake","40.736389","-111.872222"
"05/07/2016","490353006","1","4.4","ug/m3 LC","18","1","100.0000","88101","PM2.5 - Local Conditions","41620","Salt Lake City, UT","49","Utah","035","Salt Lake","40.736389","-111.872222"
"05/08/2016","490353006","1","2.7","ug/m3 LC","11","1","100.0000","88101","PM2.5 - Local Conditions","41620","Salt Lake City, UT","49","Utah","035","Salt Lake","40.736389","-111.872222"
"05/09/2016","490353006","1","3","ug/m3 LC","13","1","100.0000","88101","PM2.5 - Local Conditions","41620","Salt Lake City, UT","49","Utah","035","Salt Lake","40.736389","-111.872222"
"05/10/2016","490353006","1","2.4","ug/m3 LC","10","1","100.0000","88101","PM2.5 - Local Conditions","41620","Salt Lake City, UT","49","Utah","035","Salt Lake","40.736389","-111.872222"
"05/11/2016","490353006","1","2.1","ug/m3 LC","9","1","100.0000","88101","PM2.5 - Local Conditions","41620","Salt Lake City, UT","49","Utah","035","Salt Lake","40.736389","-111.872222"
"05/12/2016","490353006","1","2.9","ug/m3 LC","12","1","100.0000","88101","PM2.5 - Local Conditions","41620","Salt Lake City, UT","49","Utah","035","Salt Lake","40.736389","-111.872222"
"05/13/2016","490353006","1","4","ug/m3 LC","17","1","100.0000","88101","PM2.5 - Local Conditions","41620","Salt Lake City, UT","49","Utah","035","Salt Lake","40.736389","-111.872222"
"05/14/2016","490353006","1","6.7","ug/m3 LC","28","1","100.0000","88101","PM2.5 - Local Conditions","41620","Salt Lake City, UT","49","Utah","035","Salt Lake","40.736389","-111.872222"
"05/15/2016","490353006","1","7.4","ug/m3 LC","31","1","100.0000","88101","PM2.5 - Local Conditions","41620","Salt Lake City, UT","49","Utah","035","Salt Lake","40.736389","-111.872222"
"05/16/2016","490353006","1","2.1","ug/m3 LC","9","1","100.0000","88101","PM2.5 - Local Conditions","41620","Salt Lake City, UT","49","Utah","035","Salt Lake","40.736389","-111.872222"
"05/17/2016","490353006","1","1.5","ug/m3 LC","6","1","100.0000","88101","PM2.5 - Local Conditions","41620","Salt Lake City, UT","49","Utah","035","Salt Lake","40.736389","-111.872222"
"05/18/2016","490353006","1","2.5","ug/m3 LC","10","1","100.0000","88101","PM2.5 - Local Conditions","41620","Salt Lake City, UT","49","Utah","035","Salt Lake","40.736389","-111.872222"
"05/19/2016","490353006","1","3.4","ug/m3 LC","14","1","100.0000","88101","PM2.5 - Local Conditions","41620","Salt Lake City, UT","49","Utah","035","Salt Lake","40.736389","-111.872222"
"05/20/2016","490353006","1","4.8","ug/m3 LC","20","1","100.0000","88101","PM2.5 - Local Conditions","41620","Salt Lake City, UT","49","Utah","035","Salt Lake","40.736389","-111.872222"
"05/21/2016","490353006","1","5.6","ug/m3 LC","23","1","100.0000","88101","PM2.5 - Local Conditions","41620","Salt Lake City, UT","49","Utah","035","Salt Lake","40.736389","-111.872222"
"05/23/2016","490353006","1","3.3","ug/m3 LC","14","1","100.0000","88101","PM2.5 - Local Conditions","41620","Salt Lake City, UT","49","Utah","035","Salt Lake","40.736389","-111.872222"
"05/24/2016","490353006","1","4.1","ug/m3 LC","17","1","100.0000","88101","PM2.5 - Local Conditions","41620","Salt Lake City, UT","49","Utah","035","Salt Lake","40.736389","-111.872222"
"05/25/2016","490353006","1","3.8","ug/m3 LC","16","1","100.0000","88101","PM2.5 - Local Conditions","41620","Salt Lake City, UT","49","Utah","035","Salt Lake","40.736389","-111.872222"
"05/26/2016","490353006","1","3","ug/m3 LC","13","1","100.0000","88101","PM2.5 - Local Conditions","41620","Salt Lake City, UT","49","Utah","035","Salt Lake","40.736389","-111.872222"
"05/27/2016","490353006","1","2.5","ug/m3 LC","10","1","100.0000","88101","PM2.5 - Local Conditions","41620","Salt Lake City, UT","49","Utah","035","Salt Lake","40.736389","-111.872222"
"05/28/2016","490353006","1","3.8","ug/m3 LC","16","1","100.0000","88101","PM2.5 - Local Conditions","41620","Salt Lake City, UT","49","Utah","035","Salt Lake","40.736389","-111.872222"
"05/29/2016","490353006","1","4.3","ug/m3 LC","18","1","100.0000","88101","PM2.5 - Local Conditions","41620","Salt Lake City, UT","49","Utah","035","Salt Lake","40.736389","-111.872222"
"05/30/2016","490353006","1","3.9","ug/m3 LC","16","1","100.0000","88101","PM2.5 - Local Conditions","41620","Salt Lake City, UT","49","Utah","035","Salt Lake","40.736389","-111.872222"
"05/31/2016","490353006","1","5","ug/m3 LC","21","1","100.0000","88101","PM2.5 - Local Conditions","41620","Salt Lake City, UT","49","Utah","035","Salt Lake","40.736389","-111.872222"
"06/01/2016","490353006","1","4.9","ug/m3 LC","20","1","100.0000","88101","PM2.5 - Local Conditions","41620","Salt Lake City, UT","49","Utah","035","Salt Lake","40.736389","-111.872222"
"06/02/2016","490353006","1","6.1","ug/m3 LC","25","1","100.0000","88101","PM2.5 - Local Conditions","41620","Salt Lake City, UT","49","Utah","035","Salt Lake","40.736389","-111.872222"
"06/03/2016","490353006","1","4","ug/m3 LC","17","1","100.0000","88101","PM2.5 - Local Conditions","41620","Salt Lake City, UT","49","Utah","035","Salt Lake","40.736389","-111.872222"
"06/04/2016","490353006","1","5.4","ug/m3 LC","23","1","100.0000","88101","PM2.5 - Local Conditions","41620","Salt Lake City, UT","49","Utah","035","Salt Lake","40.736389","-111.872222"
"06/05/2016","490353006","1","6.2","ug/m3 LC","26","1","100.0000","88101","PM2.5 - Local Conditions","41620","Salt Lake City, UT","49","Utah","035","Salt Lake","40.736389","-111.872222"
"06/06/2016","490353006","1","5.1","ug/m3 LC","21","1","100.0000","88101","PM2.5 - Local Conditions","41620","Salt Lake City, UT","49","Utah","035","Salt Lake","40.736389","-111.872222"
"06/07/2016","490353006","1","6.7","ug/m3 LC","28","1","100.0000","88101","PM2.5 - Local Conditions","41620","Salt Lake City, UT","49","Utah","035","Salt Lake","40.736389","-111.872222"
"06/08/2016","490353006","1","6.9","ug/m3 LC","29","1","100.0000","88101","PM2.5 - Local Conditions","41620","Salt Lake City, UT","49","Utah","035","Salt Lake","40.736389","-111.872222"
"06/09/2016","490353006","1","6.8","ug/m3 LC","28","1","100.0000","88101","PM2.5 - Local Conditions","41620","Salt Lake City, UT","49","Utah","035","Salt Lake","40.736389","-111.872222"
"06/10/2016","490353006","1","6.4","ug/m3 LC","27","1","100.0000","88101","PM2.5 - Local Conditions","41620","Salt Lake City, UT","49","Utah","035","Salt Lake","40.736389","-111.872222"
"06/11/2016","490353006","1","6.7","ug/m3 LC","28","1","100.0000","88101","PM2.5 - Local Conditions","41620","Salt Lake City, UT","49","Utah","035","Salt Lake","40.736389","-111.872222"
"06/12/2016","490353006","1","5.6","ug/m3 LC","23","1","100.0000","88101","PM2.5 - Local Conditions","41620","Salt Lake City, UT","49","Utah","035","Salt Lake","40.736389","-111.872222"
"06/13/2016","490353006","1","5.3","ug/m3 LC","22","1","100.0000","88101","PM2.5 - Local Conditions","41620","Salt Lake City, UT","49","Utah","035","Salt Lake","40.736389","-111.872222"
"06/14/2016","490353006","1","3.9","ug/m3 LC","16","1","100.0000","88101","PM2.5 - Local Conditions","41620","Salt Lake City, UT","49","Utah","035","Salt Lake","40.736389","-111.872222"
"06/15/2016","490353006","1","6.7","ug/m3 LC","28","1","100.0000","88101","PM2.5 - Local Conditions","41620","Salt Lake City, UT","49","Utah","035","Salt Lake","40.736389","-111.872222"
"06/16/2016","490353006","1","5.5","ug/m3 LC","23","1","100.0000","88101","PM2.5 - Local Conditions","41620","Salt Lake City, UT","49","Utah","035","Salt Lake","40.736389","-111.872222"
"06/17/2016","490353006","1","5.5","ug/m3 LC","23","1","100.0000","88101","PM2.5 - Local Conditions","41620","Salt Lake City, UT","49","Utah","035","Salt Lake","40.736389","-111.872222"
"06/18/2016","490353006","1","3.7","ug/m3 LC","15","1","100.0000","88101","PM2.5 - Local Conditions","41620","Salt Lake City, UT","49","Utah","035","Salt Lake","40.736389","-111.872222"
"06/19/2016","490353006","1","5.6","ug/m3 LC","23","1","100.0000","88101","PM2.5 - Local Conditions","41620","Salt Lake City, UT","49","Utah","035","Salt Lake","40.736389","-111.872222"
"06/20/2016","490353006","1","17.2","ug/m3 LC","62","1","100.0000","88101","PM2.5 - Local Conditions","41620","Salt Lake City, UT","49","Utah","035","Salt Lake","40.736389","-111.872222"
"06/21/2016","490353006","1","5.1","ug/m3 LC","21","1","100.0000","88101","PM2.5 - Local Conditions","41620","Salt Lake City, UT","49","Utah","035","Salt Lake","40.736389","-111.872222"
"06/22/2016","490353006","1","24.3","ug/m3 LC","77","1","100.0000","88101","PM2.5 - Local Conditions","41620","Salt Lake City, UT","49","Utah","035","Salt Lake","40.736389","-111.872222"
"06/23/2016","490353006","1","22.1","ug/m3 LC","72","1","100.0000","88101","PM2.5 - Local Conditions","41620","Salt Lake City, UT","49","Utah","035","Salt Lake","40.736389","-111.872222"
"06/24/2016","490353006","1","6.6","ug/m3 LC","28","1","100.0000","88101","PM2.5 - Local Conditions","41620","Salt Lake City, UT","49","Utah","035","Salt Lake","40.736389","-111.872222"
"06/25/2016","490353006","1","16.1","ug/m3 LC","59","1","100.0000","88101","PM2.5 - Local Conditions","41620","Salt Lake City, UT","49","Utah","035","Salt Lake","40.736389","-111.872222"
"06/26/2016","490353006","1","5.2","ug/m3 LC","22","1","100.0000","88101","PM2.5 - Local Conditions","41620","Salt Lake City, UT","49","Utah","035","Salt Lake","40.736389","-111.872222"
"06/27/2016","490353006","1","7.8","ug/m3 LC","33","1","100.0000","88101","PM2.5 - Local Conditions","41620","Salt Lake City, UT","49","Utah","035","Salt Lake","40.736389","-111.872222"
"06/28/2016","490353006","1","8.5","ug/m3 LC","35","1","100.0000","88101","PM2.5 - Local Conditions","41620","Salt Lake City, UT","49","Utah","035","Salt Lake","40.736389","-111.872222"
"06/29/2016","490353006","1","7.9","ug/m3 LC","33","1","100.0000","88101","PM2.5 - Local Conditions","41620","Salt Lake City, UT","49","Utah","035","Salt Lake","40.736389","-111.872222"
"06/30/2016","490353006","1","4.4","ug/m3 LC","18","1","100.0000","88101","PM2.5 - Local Conditions","41620","Salt Lake City, UT","49","Utah","035","Salt Lake","40.736389","-111.872222"
"07/01/2016","490353006","1","8.4","ug/m3 LC","35","1","100.0000","88101","PM2.5 - Local Conditions","41620","Salt Lake City, UT","49","Utah","035","Salt Lake","40.736389","-111.872222"
"07/02/2016","490353006","1","6.4","ug/m3 LC","27","1","100.0000","88101","PM2.5 - Local Conditions","41620","Salt Lake City, UT","49","Utah","035","Salt Lake","40.736389","-111.872222"
"07/03/2016","490353006","1","8.1","ug/m3 LC","34","1","100.0000","88101","PM2.5 - Local Conditions","41620","Salt Lake City, UT","49","Utah","035","Salt Lake","40.736389","-111.872222"
"07/04/2016","490353006","1","29.9","ug/m3 LC","88","1","100.0000","88101","PM2.5 - Local Conditions","41620","Salt Lake City, UT","49","Utah","035","Salt Lake","40.736389","-111.872222"
"07/05/2016","490353006","1","8","ug/m3 LC","33","1","100.0000","88101","PM2.5 - Local Conditions","41620","Salt Lake City, UT","49","Utah","035","Salt Lake","40.736389","-111.872222"
"07/06/2016","490353006","1","7","ug/m3 LC","29","1","100.0000","88101","PM2.5 - Local Conditions","41620","Salt Lake City, UT","49","Utah","035","Salt Lake","40.736389","-111.872222"
"07/07/2016","490353006","1","7.1","ug/m3 LC","30","1","100.0000","88101","PM2.5 - Local Conditions","41620","Salt Lake City, UT","49","Utah","035","Salt Lake","40.736389","-111.872222"
"07/08/2016","490353006","1","10.6","ug/m3 LC","44","1","100.0000","88101","PM2.5 - Local Conditions","41620","Salt Lake City, UT","49","Utah","035","Salt Lake","40.736389","-111.872222"
"07/09/2016","490353006","1","5.5","ug/m3 LC","23","1","100.0000","88101","PM2.5 - Local Conditions","41620","Salt Lake City, UT","49","Utah","035","Salt Lake","40.736389","-111.872222"
"07/10/2016","490353006","1","8.4","ug/m3 LC","35","1","100.0000","88101","PM2.5 - Local Conditions","41620","Salt Lake City, UT","49","Utah","035","Salt Lake","40.736389","-111.872222"
"07/12/2016","490353006","1","4.4","ug/m3 LC","18","1","100.0000","88101","PM2.5 - Local Conditions","41620","Salt Lake City, UT","49","Utah","035","Salt Lake","40.736389","-111.872222"
"07/13/2016","490353006","1","3.6","ug/m3 LC","15","1","100.0000","88101","PM2.5 - Local Conditions","41620","Salt Lake City, UT","49","Utah","035","Salt Lake","40.736389","-111.872222"
"07/14/2016","490353006","1","4.8","ug/m3 LC","20","1","100.0000","88101","PM2.5 - Local Conditions","41620","Salt Lake City, UT","49","Utah","035","Salt Lake","40.736389","-111.872222"
"07/15/2016","490353006","1","5.9","ug/m3 LC","25","1","100.0000","88101","PM2.5 - Local Conditions","41620","Salt Lake City, UT","49","Utah","035","Salt Lake","40.736389","-111.872222"
"07/16/2016","490353006","1","5.8","ug/m3 LC","24","1","100.0000","88101","PM2.5 - Local Conditions","41620","Salt Lake City, UT","49","Utah","035","Salt Lake","40.736389","-111.872222"
"07/17/2016","490353006","1","6.2","ug/m3 LC","26","1","100.0000","88101","PM2.5 - Local Conditions","41620","Salt Lake City, UT","49","Utah","035","Salt Lake","40.736389","-111.872222"
"07/18/2016","490353006","1","7.2","ug/m3 LC","30","1","100.0000","88101","PM2.5 - Local Conditions","41620","Salt Lake City, UT","49","Utah","035","Salt Lake","40.736389","-111.872222"
"07/19/2016","490353006","1","5.7","ug/m3 LC","24","1","100.0000","88101","PM2.5 - Local Conditions","41620","Salt Lake City, UT","49","Utah","035","Salt Lake","40.736389","-111.872222"
"07/20/2016","490353006","1","4.7","ug/m3 LC","20","1","100.0000","88101","PM2.5 - Local Conditions","41620","Salt Lake City, UT","49","Utah","035","Salt Lake","40.736389","-111.872222"
"07/21/2016","490353006","1","5","ug/m3 LC","21","1","100.0000","88101","PM2.5 - Local Conditions","41620","Salt Lake City, UT","49","Utah","035","Salt Lake","40.736389","-111.872222"
"07/22/2016","490353006","1","5.8","ug/m3 LC","24","1","100.0000","88101","PM2.5 - Local Conditions","41620","Salt Lake City, UT","49","Utah","035","Salt Lake","40.736389","-111.872222"
"07/23/2016","490353006","1","10.3","ug/m3 LC","43","1","100.0000","88101","PM2.5 - Local Conditions","41620","Salt Lake City, UT","49","Utah","035","Salt Lake","40.736389","-111.872222"
"07/24/2016","490353006","1","10.3","ug/m3 LC","43","1","100.0000","88101","PM2.5 - Local Conditions","41620","Salt Lake City, UT","49","Utah","035","Salt Lake","40.736389","-111.872222"
"07/25/2016","490353006","1","13.9","ug/m3 LC","55","1","100.0000","88101","PM2.5 - Local Conditions","41620","Salt Lake City, UT","49","Utah","035","Salt Lake","40.736389","-111.872222"
"07/26/2016","490353006","1","9.1","ug/m3 LC","38","1","100.0000","88101","PM2.5 - Local Conditions","41620","Salt Lake City, UT","49","Utah","035","Salt Lake","40.736389","-111.872222"
"07/27/2016","490353006","1","7","ug/m3 LC","29","1","100.0000","88101","PM2.5 - Local Conditions","41620","Salt Lake City, UT","49","Utah","035","Salt Lake","40.736389","-111.872222"
"07/28/2016","490353006","1","9.2","ug/m3 LC","38","1","100.0000","88101","PM2.5 - Local Conditions","41620","Salt Lake City, UT","49","Utah","035","Salt Lake","40.736389","-111.872222"
"07/29/2016","490353006","1","10.1","ug/m3 LC","42","1","100.0000","88101","PM2.5 - Local Conditions","41620","Salt Lake City, UT","49","Utah","035","Salt Lake","40.736389","-111.872222"
"07/30/2016","490353006","1","9.1","ug/m3 LC","38","1","100.0000","88101","PM2.5 - Local Conditions","41620","Salt Lake City, UT","49","Utah","035","Salt Lake","40.736389","-111.872222"
"07/31/2016","490353006","1","10.2","ug/m3 LC","43","1","100.0000","88101","PM2.5 - Local Conditions","41620","Salt Lake City, UT","49","Utah","035","Salt Lake","40.736389","-111.872222"
"08/01/2016","490353006","1","11.3","ug/m3 LC","47","1","100.0000","88101","PM2.5 - Local Conditions","41620","Salt Lake City, UT","49","Utah","035","Salt Lake","40.736389","-111.872222"
"08/02/2016","490353006","1","9.9","ug/m3 LC","41","1","100.0000","88101","PM2.5 - Local Conditions","41620","Salt Lake City, UT","49","Utah","035","Salt Lake","40.736389","-111.872222"
"08/03/2016","490353006","1","8.8","ug/m3 LC","37","1","100.0000","88101","PM2.5 - Local Conditions","41620","Salt Lake City, UT","49","Utah","035","Salt Lake","40.736389","-111.872222"
"08/04/2016","490353006","1","20.8","ug/m3 LC","69","1","100.0000","88101","PM2.5 - Local Conditions","41620","Salt Lake City, UT","49","Utah","035","Salt Lake","40.736389","-111.872222"
"08/05/2016","490353006","1","12.3","ug/m3 LC","51","1","100.0000","88101","PM2.5 - Local Conditions","41620","Salt Lake City, UT","49","Utah","035","Salt Lake","40.736389","-111.872222"
"08/06/2016","490353006","1","7.3","ug/m3 LC","30","1","100.0000","88101","PM2.5 - Local Conditions","41620","Salt Lake City, UT","49","Utah","035","Salt Lake","40.736389","-111.872222"
"08/07/2016","490353006","1","5.4","ug/m3 LC","23","1","100.0000","88101","PM2.5 - Local Conditions","41620","Salt Lake City, UT","49","Utah","035","Salt Lake","40.736389","-111.872222"
"08/08/2016","490353006","1","6.8","ug/m3 LC","28","1","100.0000","88101","PM2.5 - Local Conditions","41620","Salt Lake City, UT","49","Utah","035","Salt Lake","40.736389","-111.872222"
"08/09/2016","490353006","1","6.9","ug/m3 LC","29","1","100.0000","88101","PM2.5 - Local Conditions","41620","Salt Lake City, UT","49","Utah","035","Salt Lake","40.736389","-111.872222"
"08/10/2016","490353006","1","10","ug/m3 LC","42","1","100.0000","88101","PM2.5 - Local Conditions","41620","Salt Lake City, UT","49","Utah","035","Salt Lake","40.736389","-111.872222"
"08/11/2016","490353006","1","5.3","ug/m3 LC","22","1","100.0000","88101","PM2.5 - Local Conditions","41620","Salt Lake City, UT","49","Utah","035","Salt Lake","40.736389","-111.872222"
"08/12/2016","490353006","1","6","ug/m3 LC","25","1","100.0000","88101","PM2.5 - Local Conditions","41620","Salt Lake City, UT","49","Utah","035","Salt Lake","40.736389","-111.872222"
"08/13/2016","490353006","1","9.5","ug/m3 LC","40","1","100.0000","88101","PM2.5 - Local Conditions","41620","Salt Lake City, UT","49","Utah","035","Salt Lake","40.736389","-111.872222"
"08/14/2016","490353006","1","8.8","ug/m3 LC","37","1","100.0000","88101","PM2.5 - Local Conditions","41620","Salt Lake City, UT","49","Utah","035","Salt Lake","40.736389","-111.872222"
"08/15/2016","490353006","1","6.9","ug/m3 LC","29","1","100.0000","88101","PM2.5 - Local Conditions","41620","Salt Lake City, UT","49","Utah","035","Salt Lake","40.736389","-111.872222"
"08/16/2016","490353006","1","5.2","ug/m3 LC","22","1","100.0000","88101","PM2.5 - Local Conditions","41620","Salt Lake City, UT","49","Utah","035","Salt Lake","40.736389","-111.872222"
"08/17/2016","490353006","1","6.9","ug/m3 LC","29","1","100.0000","88101","PM2.5 - Local Conditions","41620","Salt Lake City, UT","49","Utah","035","Salt Lake","40.736389","-111.872222"
"08/18/2016","490353006","1","8.6","ug/m3 LC","36","1","100.0000","88101","PM2.5 - Local Conditions","41620","Salt Lake City, UT","49","Utah","035","Salt Lake","40.736389","-111.872222"
"08/19/2016","490353006","1","12.3","ug/m3 LC","51","1","100.0000","88101","PM2.5 - Local Conditions","41620","Salt Lake City, UT","49","Utah","035","Salt Lake","40.736389","-111.872222"
"08/20/2016","490353006","1","12.6","ug/m3 LC","52","1","100.0000","88101","PM2.5 - Local Conditions","41620","Salt Lake City, UT","49","Utah","035","Salt Lake","40.736389","-111.872222"
"08/21/2016","490353006","1","13.7","ug/m3 LC","54","1","100.0000","88101","PM2.5 - Local Conditions","41620","Salt Lake City, UT","49","Utah","035","Salt Lake","40.736389","-111.872222"
"08/22/2016","490353006","1","7.9","ug/m3 LC","33","1","100.0000","88101","PM2.5 - Local Conditions","41620","Salt Lake City, UT","49","Utah","035","Salt Lake","40.736389","-111.872222"
"08/23/2016","490353006","1","7.6","ug/m3 LC","32","1","100.0000","88101","PM2.5 - Local Conditions","41620","Salt Lake City, UT","49","Utah","035","Salt Lake","40.736389","-111.872222"
"08/24/2016","490353006","1","8.7","ug/m3 LC","36","1","100.0000","88101","PM2.5 - Local Conditions","41620","Salt Lake City, UT","49","Utah","035","Salt Lake","40.736389","-111.872222"
"08/25/2016","490353006","1","13.3","ug/m3 LC","54","1","100.0000","88101","PM2.5 - Local Conditions","41620","Salt Lake City, UT","49","Utah","035","Salt Lake","40.736389","-111.872222"
"08/26/2016","490353006","1","8.6","ug/m3 LC","36","1","100.0000","88101","PM2.5 - Local Conditions","41620","Salt Lake City, UT","49","Utah","035","Salt Lake","40.736389","-111.872222"
"08/27/2016","490353006","1","7.2","ug/m3 LC","30","1","100.0000","88101","PM2.5 - Local Conditions","41620","Salt Lake City, UT","49","Utah","035","Salt Lake","40.736389","-111.872222"
"08/28/2016","490353006","1","5.9","ug/m3 LC","25","1","100.0000","88101","PM2.5 - Local Conditions","41620","Salt Lake City, UT","49","Utah","035","Salt Lake","40.736389","-111.872222"
"08/29/2016","490353006","1","6.6","ug/m3 LC","28","1","100.0000","88101","PM2.5 - Local Conditions","41620","Salt Lake City, UT","49","Utah","035","Salt Lake","40.736389","-111.872222"
"08/30/2016","490353006","1","9.4","ug/m3 LC","39","1","100.0000","88101","PM2.5 - Local Conditions","41620","Salt Lake City, UT","49","Utah","035","Salt Lake","40.736389","-111.872222"
"08/31/2016","490353006","1","7.5","ug/m3 LC","31","1","100.0000","88101","PM2.5 - Local Conditions","41620","Salt Lake City, UT","49","Utah","035","Salt Lake","40.736389","-111.872222"
"01/08/2016","490353006","4","4.4","ug/m3 LC","18","1","100.0000","88101","PM2.5 - Local Conditions","41620","Salt Lake City, UT","49","Utah","035","Salt Lake","40.736389","-111.872222"
"01/09/2016","490353006","4","7.7","ug/m3 LC","32","1","100.0000","88101","PM2.5 - Local Conditions","41620","Salt Lake City, UT","49","Utah","035","Salt Lake","40.736389","-111.872222"
"01/10/2016","490353006","4","7.6","ug/m3 LC","32","1","100.0000","88101","PM2.5 - Local Conditions","41620","Salt Lake City, UT","49","Utah","035","Salt Lake","40.736389","-111.872222"
"01/11/2016","490353006","4","8.2","ug/m3 LC","34","1","100.0000","88101","PM2.5 - Local Conditions","41620","Salt Lake City, UT","49","Utah","035","Salt Lake","40.736389","-111.872222"
"01/12/2016","490353006","4","19","ug/m3 LC","66","1","100.0000","88101","PM2.5 - Local Conditions","41620","Salt Lake City, UT","49","Utah","035","Salt Lake","40.736389","-111.872222"
"01/13/2016","490353006","4","30.8","ug/m3 LC","90","1","100.0000","88101","PM2.5 - Local Conditions","41620","Salt Lake City, UT","49","Utah","035","Salt Lake","40.736389","-111.872222"
"01/14/2016","490353006","4","18.4","ug/m3 LC","64","1","100.0000","88101","PM2.5 - Local Conditions","41620","Salt Lake City, UT","49","Utah","035","Salt Lake","40.736389","-111.872222"
"01/15/2016","490353006","4","9","ug/m3 LC","38","1","100.0000","88101","PM2.5 - Local Conditions","41620","Salt Lake City, UT","49","Utah","035","Salt Lake","40.736389","-111.872222"
"01/16/2016","490353006","4","7.1","ug/m3 LC","30","1","100.0000","88101","PM2.5 - Local Conditions","41620","Salt Lake City, UT","49","Utah","035","Salt Lake","40.736389","-111.872222"
"01/17/2016","490353006","4","7","ug/m3 LC","29","1","100.0000","88101","PM2.5 - Local Conditions","41620","Salt Lake City, UT","49","Utah","035","Salt Lake","40.736389","-111.872222"
"01/18/2016","490353006","4","5.8","ug/m3 LC","24","1","100.0000","88101","PM2.5 - Local Conditions","41620","Salt Lake City, UT","49","Utah","035","Salt Lake","40.736389","-111.872222"
"01/19/2016","490353006","4","6.1","ug/m3 LC","25","1","100.0000","88101","PM2.5 - Local Conditions","41620","Salt Lake City, UT","49","Utah","035","Salt Lake","40.736389","-111.872222"
"01/20/2016","490353006","4","2.7","ug/m3 LC","11","1","100.0000","88101","PM2.5 - Local Conditions","41620","Salt Lake City, UT","49","Utah","035","Salt Lake","40.736389","-111.872222"
"01/21/2016","490353006","4","7.2","ug/m3 LC","30","1","100.0000","88101","PM2.5 - Local Conditions","41620","Salt Lake City, UT","49","Utah","035","Salt Lake","40.736389","-111.872222"
"01/22/2016","490353006","4","15.2","ug/m3 LC","58","1","100.0000","88101","PM2.5 - Local Conditions","41620","Salt Lake City, UT","49","Utah","035","Salt Lake","40.736389","-111.872222"
"01/23/2016","490353006","4","20.2","ug/m3 LC","68","1","100.0000","88101","PM2.5 - Local Conditions","41620","Salt Lake City, UT","49","Utah","035","Salt Lake","40.736389","-111.872222"
"01/24/2016","490353006","4","8.1","ug/m3 LC","34","1","100.0000","88101","PM2.5 - Local Conditions","41620","Salt Lake City, UT","49","Utah","035","Salt Lake","40.736389","-111.872222"
"01/25/2016","490353006","4","3.2","ug/m3 LC","13","1","100.0000","88101","PM2.5 - Local Conditions","41620","Salt Lake City, UT","49","Utah","035","Salt Lake","40.736389","-111.872222"
"01/26/2016","490353006","4","8.6","ug/m3 LC","36","1","100.0000","88101","PM2.5 - Local Conditions","41620","Salt Lake City, UT","49","Utah","035","Salt Lake","40.736389","-111.872222"
"01/27/2016","490353006","4","23.2","ug/m3 LC","74","1","100.0000","88101","PM2.5 - Local Conditions","41620","Salt Lake City, UT","49","Utah","035","Salt Lake","40.736389","-111.872222"
"01/28/2016","490353006","4","32.6","ug/m3 LC","94","1","100.0000","88101","PM2.5 - Local Conditions","41620","Salt Lake City, UT","49","Utah","035","Salt Lake","40.736389","-111.872222"
"01/29/2016","490353006","4","22.8","ug/m3 LC","74","1","100.0000","88101","PM2.5 - Local Conditions","41620","Salt Lake City, UT","49","Utah","035","Salt Lake","40.736389","-111.872222"
"01/30/2016","490353006","4","3.6","ug/m3 LC","15","1","100.0000","88101","PM2.5 - Local Conditions","41620","Salt Lake City, UT","49","Utah","035","Salt Lake","40.736389","-111.872222"
"01/31/2016","490353006","4","6.7","ug/m3 LC","28","1","100.0000","88101","PM2.5 - Local Conditions","41620","Salt Lake City, UT","49","Utah","035","Salt Lake","40.736389","-111.872222"
"02/01/2016","490353006","4","2.7","ug/m3 LC","11","1","100.0000","88101","PM2.5 - Local Conditions","41620","Salt Lake City, UT","49","Utah","035","Salt Lake","40.736389","-111.872222"
"02/02/2016","490353006","4","4.2","ug/m3 LC","18","1","100.0000","88101","PM2.5 - Local Conditions","41620","Salt Lake City, UT","49","Utah","035","Salt Lake","40.736389","-111.872222"
"02/03/2016","490353006","4","7.3","ug/m3 LC","30","1","100.0000","88101","PM2.5 - Local Conditions","41620","Salt Lake City, UT","49","Utah","035","Salt Lake","40.736389","-111.872222"
"02/04/2016","490353006","4","12.5","ug/m3 LC","52","1","100.0000","88101","PM2.5 - Local Conditions","41620","Salt Lake City, UT","49","Utah","035","Salt Lake","40.736389","-111.872222"
"02/05/2016","490353006","4","17.7","ug/m3 LC","63","1","100.0000","88101","PM2.5 - Local Conditions","41620","Salt Lake City, UT","49","Utah","035","Salt Lake","40.736389","-111.872222"
"02/06/2016","490353006","4","18.9","ug/m3 LC","65","1","100.0000","88101","PM2.5 - Local Conditions","41620","Salt Lake City, UT","49","Utah","035","Salt Lake","40.736389","-111.872222"
"02/07/2016","490353006","4","36.6","ug/m3 LC","104","1","100.0000","88101","PM2.5 - Local Conditions","41620","Salt Lake City, UT","49","Utah","035","Salt Lake","40.736389","-111.872222"
"02/08/2016","490353006","4","41.3","ug/m3 LC","115","1","100.0000","88101","PM2.5 - Local Conditions","41620","Salt Lake City, UT","49","Utah","035","Salt Lake","40.736389","-111.872222"
"02/09/2016","490353006","4","47","ug/m3 LC","129","1","100.0000","88101","PM2.5 - Local Conditions","41620","Salt Lake City, UT","49","Utah","035","Salt Lake","40.736389","-111.872222"
"02/10/2016","490353006","4","59.3","ug/m3 LC","153","1","100.0000","88101","PM2.5 - Local Conditions","41620","Salt Lake City, UT","49","Utah","035","Salt Lake","40.736389","-111.872222"
"02/11/2016","490353006","4","46.9","ug/m3 LC","129","1","100.0000","88101","PM2.5 - Local Conditions","41620","Salt Lake City, UT","49","Utah","035","Salt Lake","40.736389","-111.872222"
"02/12/2016","490353006","4","53.2","ug/m3 LC","145","1","100.0000","88101","PM2.5 - Local Conditions","41620","Salt Lake City, UT","49","Utah","035","Salt Lake","40.736389","-111.872222"
"02/17/2016","490353006","4","5.9","ug/m3 LC","25","1","100.0000","88101","PM2.5 - Local Conditions","41620","Salt Lake City, UT","49","Utah","035","Salt Lake","40.736389","-111.872222"
"02/18/2016","490353006","4","2","ug/m3 LC","8","1","100.0000","88101","PM2.5 - Local Conditions","41620","Salt Lake City, UT","49","Utah","035","Salt Lake","40.736389","-111.872222"
"02/19/2016","490353006","4","3.2","ug/m3 LC","13","1","100.0000","88101","PM2.5 - Local Conditions","41620","Salt Lake City, UT","49","Utah","035","Salt Lake","40.736389","-111.872222"
"02/20/2016","490353006","4","5.7","ug/m3 LC","24","1","100.0000","88101","PM2.5 - Local Conditions","41620","Salt Lake City, UT","49","Utah","035","Salt Lake","40.736389","-111.872222"
"02/21/2016","490353006","4","6","ug/m3 LC","25","1","100.0000","88101","PM2.5 - Local Conditions","41620","Salt Lake City, UT","49","Utah","035","Salt Lake","40.736389","-111.872222"
"02/22/2016","490353006","4","6.4","ug/m3 LC","27","1","100.0000","88101","PM2.5 - Local Conditions","41620","Salt Lake City, UT","49","Utah","035","Salt Lake","40.736389","-111.872222"
"02/23/2016","490353006","4","5.4","ug/m3 LC","23","1","100.0000","88101","PM2.5 - Local Conditions","41620","Salt Lake City, UT","49","Utah","035","Salt Lake","40.736389","-111.872222"
"02/24/2016","490353006","4","9","ug/m3 LC","38","1","100.0000","88101","PM2.5 - Local Conditions","41620","Salt Lake City, UT","49","Utah","035","Salt Lake","40.736389","-111.872222"
"02/25/2016","490353006","4","9.3","ug/m3 LC","39","1","100.0000","88101","PM2.5 - Local Conditions","41620","Salt Lake City, UT","49","Utah","035","Salt Lake","40.736389","-111.872222"
"02/26/2016","490353006","4","6.6","ug/m3 LC","28","1","100.0000","88101","PM2.5 - Local Conditions","41620","Salt Lake City, UT","49","Utah","035","Salt Lake","40.736389","-111.872222"
"02/27/2016","490353006","4","4.6","ug/m3 LC","19","1","100.0000","88101","PM2.5 - Local Conditions","41620","Salt Lake City, UT","49","Utah","035","Salt Lake","40.736389","-111.872222"
"02/28/2016","490353006","4","3.3","ug/m3 LC","14","1","100.0000","88101","PM2.5 - Local Conditions","41620","Salt Lake City, UT","49","Utah","035","Salt Lake","40.736389","-111.872222"
"02/29/2016","490353006","4","3.7","ug/m3 LC","15","1","100.0000","88101","PM2.5 - Local Conditions","41620","Salt Lake City, UT","49","Utah","035","Salt Lake","40.736389","-111.872222"
"03/01/2016","490353006","4","3.3","ug/m3 LC","14","1","100.0000","88101","PM2.5 - Local Conditions","41620","Salt Lake City, UT","49","Utah","035","Salt Lake","40.736389","-111.872222"
"03/02/2016","490353006","4","3.7","ug/m3 LC","15","1","100.0000","88101","PM2.5 - Local Conditions","41620","Salt Lake City, UT","49","Utah","035","Salt Lake","40.736389","-111.872222"
"03/03/2016","490353006","4","5.1","ug/m3 LC","21","1","100.0000","88101","PM2.5 - Local Conditions","41620","Salt Lake City, UT","49","Utah","035","Salt Lake","40.736389","-111.872222"
"03/04/2016","490353006","4","8.4","ug/m3 LC","35","1","100.0000","88101","PM2.5 - Local Conditions","41620","Salt Lake City, UT","49","Utah","035","Salt Lake","40.736389","-111.872222"
"03/05/2016","490353006","4","4.9","ug/m3 LC","20","1","100.0000","88101","PM2.5 - Local Conditions","41620","Salt Lake City, UT","49","Utah","035","Salt Lake","40.736389","-111.872222"
"03/06/2016","490353006","4","3.9","ug/m3 LC","16","1","100.0000","88101","PM2.5 - Local Conditions","41620","Salt Lake City, UT","49","Utah","035","Salt Lake","40.736389","-111.872222"
"03/07/2016","490353006","4","5.8","ug/m3 LC","24","1","100.0000","88101","PM2.5 - Local Conditions","41620","Salt Lake City, UT","49","Utah","035","Salt Lake","40.736389","-111.872222"
"03/08/2016","490353006","4","2.8","ug/m3 LC","12","1","100.0000","88101","PM2.5 - Local Conditions","41620","Salt Lake City, UT","49","Utah","035","Salt Lake","40.736389","-111.872222"
"03/09/2016","490353006","4","3.2","ug/m3 LC","13","1","100.0000","88101","PM2.5 - Local Conditions","41620","Salt Lake City, UT","49","Utah","035","Salt Lake","40.736389","-111.872222"
"03/10/2016","490353006","4","3.2","ug/m3 LC","13","1","100.0000","88101","PM2.5 - Local Conditions","41620","Salt Lake City, UT","49","Utah","035","Salt Lake","40.736389","-111.872222"
"03/11/2016","490353006","4","2.6","ug/m3 LC","11","1","100.0000","88101","PM2.5 - Local Conditions","41620","Salt Lake City, UT","49","Utah","035","Salt Lake","40.736389","-111.872222"
"03/12/2016","490353006","4","3.5","ug/m3 LC","15","1","100.0000","88101","PM2.5 - Local Conditions","41620","Salt Lake City, UT","49","Utah","035","Salt Lake","40.736389","-111.872222"
"03/13/2016","490353006","4","3","ug/m3 LC","13","1","100.0000","88101","PM2.5 - Local Conditions","41620","Salt Lake City, UT","49","Utah","035","Salt Lake","40.736389","-111.872222"
"03/14/2016","490353006","4","2.5","ug/m3 LC","10","1","100.0000","88101","PM2.5 - Local Conditions","41620","Salt Lake City, UT","49","Utah","035","Salt Lake","40.736389","-111.872222"
"03/15/2016","490353006","4","3.7","ug/m3 LC","15","1","100.0000","88101","PM2.5 - Local Conditions","41620","Salt Lake City, UT","49","Utah","035","Salt Lake","40.736389","-111.872222"
"03/16/2016","490353006","4","3.6","ug/m3 LC","15","1","100.0000","88101","PM2.5 - Local Conditions","41620","Salt Lake City, UT","49","Utah","035","Salt Lake","40.736389","-111.872222"
"03/17/2016","490353006","4","4","ug/m3 LC","17","1","100.0000","88101","PM2.5 - Local Conditions","41620","Salt Lake City, UT","49","Utah","035","Salt Lake","40.736389","-111.872222"
"03/18/2016","490353006","4","3.3","ug/m3 LC","14","1","100.0000","88101","PM2.5 - Local Conditions","41620","Salt Lake City, UT","49","Utah","035","Salt Lake","40.736389","-111.872222"
"03/19/2016","490353006","4","5.1","ug/m3 LC","21","1","100.0000","88101","PM2.5 - Local Conditions","41620","Salt Lake City, UT","49","Utah","035","Salt Lake","40.736389","-111.872222"
"03/20/2016","490353006","4","6.8","ug/m3 LC","28","1","100.0000","88101","PM2.5 - Local Conditions","41620","Salt Lake City, UT","49","Utah","035","Salt Lake","40.736389","-111.872222"
"03/21/2016","490353006","4","5.8","ug/m3 LC","24","1","100.0000","88101","PM2.5 - Local Conditions","41620","Salt Lake City, UT","49","Utah","035","Salt Lake","40.736389","-111.872222"
"03/22/2016","490353006","4","6.2","ug/m3 LC","26","1","100.0000","88101","PM2.5 - Local Conditions","41620","Salt Lake City, UT","49","Utah","035","Salt Lake","40.736389","-111.872222"
"03/23/2016","490353006","4","2.1","ug/m3 LC","9","1","100.0000","88101","PM2.5 - Local Conditions","41620","Salt Lake City, UT","49","Utah","035","Salt Lake","40.736389","-111.872222"
"03/24/2016","490353006","4","3.4","ug/m3 LC","14","1","100.0000","88101","PM2.5 - Local Conditions","41620","Salt Lake City, UT","49","Utah","035","Salt Lake","40.736389","-111.872222"
"03/25/2016","490353006","4","2","ug/m3 LC","8","1","100.0000","88101","PM2.5 - Local Conditions","41620","Salt Lake City, UT","49","Utah","035","Salt Lake","40.736389","-111.872222"
"03/26/2016","490353006","4","3.6","ug/m3 LC","15","1","100.0000","88101","PM2.5 - Local Conditions","41620","Salt Lake City, UT","49","Utah","035","Salt Lake","40.736389","-111.872222"
"03/27/2016","490353006","4","3.4","ug/m3 LC","14","1","100.0000","88101","PM2.5 - Local Conditions","41620","Salt Lake City, UT","49","Utah","035","Salt Lake","40.736389","-111.872222"
"03/28/2016","490353006","4","6.6","ug/m3 LC","28","1","100.0000","88101","PM2.5 - Local Conditions","41620","Salt Lake City, UT","49","Utah","035","Salt Lake","40.736389","-111.872222"
"03/29/2016","490353006","4","3.2","ug/m3 LC","13","1","100.0000","88101","PM2.5 - Local Conditions","41620","Salt Lake City, UT","49","Utah","035","Salt Lake","40.736389","-111.872222"
"03/30/2016","490353006","4","3.3","ug/m3 LC","14","1","100.0000","88101","PM2.5 - Local Conditions","41620","Salt Lake City, UT","49","Utah","035","Salt Lake","40.736389","-111.872222"
"03/31/2016","490353006","4","4.9","ug/m3 LC","20","1","100.0000","88101","PM2.5 - Local Conditions","41620","Salt Lake City, UT","49","Utah","035","Salt Lake","40.736389","-111.872222"
"04/01/2016","490353006","4","3.8","ug/m3 LC","16","1","100.0000","88101","PM2.5 - Local Conditions","41620","Salt Lake City, UT","49","Utah","035","Salt Lake","40.736389","-111.872222"
"04/02/2016","490353006","4","5.2","ug/m3 LC","22","1","100.0000","88101","PM2.5 - Local Conditions","41620","Salt Lake City, UT","49","Utah","035","Salt Lake","40.736389","-111.872222"
"04/03/2016","490353006","4","3.2","ug/m3 LC","13","1","100.0000","88101","PM2.5 - Local Conditions","41620","Salt Lake City, UT","49","Utah","035","Salt Lake","40.736389","-111.872222"
"04/04/2016","490353006","4","3.8","ug/m3 LC","16","1","100.0000","88101","PM2.5 - Local Conditions","41620","Salt Lake City, UT","49","Utah","035","Salt Lake","40.736389","-111.872222"
"04/05/2016","490353006","4","3.2","ug/m3 LC","13","1","100.0000","88101","PM2.5 - Local Conditions","41620","Salt Lake City, UT","49","Utah","035","Salt Lake","40.736389","-111.872222"
"04/06/2016","490353006","4","3.5","ug/m3 LC","15","1","100.0000","88101","PM2.5 - Local Conditions","41620","Salt Lake City, UT","49","Utah","035","Salt Lake","40.736389","-111.872222"
"04/07/2016","490353006","4","4.2","ug/m3 LC","18","1","100.0000","88101","PM2.5 - Local Conditions","41620","Salt Lake City, UT","49","Utah","035","Salt Lake","40.736389","-111.872222"
"04/08/2016","490353006","4","3.6","ug/m3 LC","15","1","100.0000","88101","PM2.5 - Local Conditions","41620","Salt Lake City, UT","49","Utah","035","Salt Lake","40.736389","-111.872222"
"04/09/2016","490353006","4","2.7","ug/m3 LC","11","1","100.0000","88101","PM2.5 - Local Conditions","41620","Salt Lake City, UT","49","Utah","035","Salt Lake","40.736389","-111.872222"
"04/10/2016","490353006","4","2.5","ug/m3 LC","10","1","100.0000","88101","PM2.5 - Local Conditions","41620","Salt Lake City, UT","49","Utah","035","Salt Lake","40.736389","-111.872222"
"04/11/2016","490353006","4","4.5","ug/m3 LC","19","1","100.0000","88101","PM2.5 - Local Conditions","41620","Salt Lake City, UT","49","Utah","035","Salt Lake","40.736389","-111.872222"
"04/12/2016","490353006","4","4.6","ug/m3 LC","19","1","100.0000","88101","PM2.5 - Local Conditions","41620","Salt Lake City, UT","49","Utah","035","Salt Lake","40.736389","-111.872222"
"04/13/2016","490353006","4","4","ug/m3 LC","17","1","100.0000","88101","PM2.5 - Local Conditions","41620","Salt Lake City, UT","49","Utah","035","Salt Lake","40.736389","-111.872222"
"04/15/2016","490353006","4","3.2","ug/m3 LC","13","1","100.0000","88101","PM2.5 - Local Conditions","41620","Salt Lake City, UT","49","Utah","035","Salt Lake","40.736389","-111.872222"
"04/16/2016","490353006","4","2.4","ug/m3 LC","10","1","100.0000","88101","PM2.5 - Local Conditions","41620","Salt Lake City, UT","49","Utah","035","Salt Lake","40.736389","-111.872222"
"04/17/2016","490353006","4","2.1","ug/m3 LC","9","1","100.0000","88101","PM2.5 - Local Conditions","41620","Salt Lake City, UT","49","Utah","035","Salt Lake","40.736389","-111.872222"
"04/18/2016","490353006","4","2.3","ug/m3 LC","10","1","100.0000","88101","PM2.5 - Local Conditions","41620","Salt Lake City, UT","49","Utah","035","Salt Lake","40.736389","-111.872222"
"04/19/2016","490353006","4","3.4","ug/m3 LC","14","1","100.0000","88101","PM2.5 - Local Conditions","41620","Salt Lake City, UT","49","Utah","035","Salt Lake","40.736389","-111.872222"
"04/20/2016","490353006","4","4.2","ug/m3 LC","18","1","100.0000","88101","PM2.5 - Local Conditions","41620","Salt Lake City, UT","49","Utah","035","Salt Lake","40.736389","-111.872222"
"04/21/2016","490353006","4","4","ug/m3 LC","17","1","100.0000","88101","PM2.5 - Local Conditions","41620","Salt Lake City, UT","49","Utah","035","Salt Lake","40.736389","-111.872222"
"04/22/2016","490353006","4","7.7","ug/m3 LC","32","1","100.0000","88101","PM2.5 - Local Conditions","41620","Salt Lake City, UT","49","Utah","035","Salt Lake","40.736389","-111.872222"
"04/23/2016","490353006","4","5.9","ug/m3 LC","25","1","100.0000","88101","PM2.5 - Local Conditions","41620","Salt Lake City, UT","49","Utah","035","Salt Lake","40.736389","-111.872222"
"04/24/2016","490353006","4","2.4","ug/m3 LC","10","1","100.0000","88101","PM2.5 - Local Conditions","41620","Salt Lake City, UT","49","Utah","035","Salt Lake","40.736389","-111.872222"
"04/25/2016","490353006","4","3.3","ug/m3 LC","14","1","100.0000","88101","PM2.5 - Local Conditions","41620","Salt Lake City, UT","49","Utah","035","Salt Lake","40.736389","-111.872222"
"04/26/2016","490353006","4","3.7","ug/m3 LC","15","1","100.0000","88101","PM2.5 - Local Conditions","41620","Salt Lake City, UT","49","Utah","035","Salt Lake","40.736389","-111.872222"
"04/27/2016","490353006","4","2.9","ug/m3 LC","12","1","100.0000","88101","PM2.5 - Local Conditions","41620","Salt Lake City, UT","49","Utah","035","Salt Lake","40.736389","-111.872222"
"04/28/2016","490353006","4","2","ug/m3 LC","8","1","100.0000","88101","PM2.5 - Local Conditions","41620","Salt Lake City, UT","49","Utah","035","Salt Lake","40.736389","-111.872222"
"04/29/2016","490353006","4","2.4","ug/m3 LC","10","1","100.0000","88101","PM2.5 - Local Conditions","41620","Salt Lake City, UT","49","Utah","035","Salt Lake","40.736389","-111.872222"
"04/30/2016","490353006","4","2.6","ug/m3 LC","11","1","100.0000","88101","PM2.5 - Local Conditions","41620","Salt Lake City, UT","49","Utah","035","Salt Lake","40.736389","-111.872222"
"05/01/2016","490353006","4","2.2","ug/m3 LC","9","1","100.0000","88101","PM2.5 - Local Conditions","41620","Salt Lake City, UT","49","Utah","035","Salt Lake","40.736389","-111.872222"
"05/02/2016","490353006","4","2.4","ug/m3 LC","10","1","100.0000","88101","PM2.5 - Local Conditions","41620","Salt Lake City, UT","49","Utah","035","Salt Lake","40.736389","-111.872222"
"05/03/2016","490353006","4","4.2","ug/m3 LC","18","1","100.0000","88101","PM2.5 - Local Conditions","41620","Salt Lake City, UT","49","Utah","035","Salt Lake","40.736389","-111.872222"
"05/04/2016","490353006","4","4.3","ug/m3 LC","18","1","100.0000","88101","PM2.5 - Local Conditions","41620","Salt Lake City, UT","49","Utah","035","Salt Lake","40.736389","-111.872222"
"05/05/2016","490353006","4","6","ug/m3 LC","25","1","100.0000","88101","PM2.5 - Local Conditions","41620","Salt Lake City, UT","49","Utah","035","Salt Lake","40.736389","-111.872222"
"05/06/2016","490353006","4","4.5","ug/m3 LC","19","1","100.0000","88101","PM2.5 - Local Conditions","41620","Salt Lake City, UT","49","Utah","035","Salt Lake","40.736389","-111.872222"
"05/07/2016","490353006","4","5.1","ug/m3 LC","21","1","100.0000","88101","PM2.5 - Local Conditions","41620","Salt Lake City, UT","49","Utah","035","Salt Lake","40.736389","-111.872222"
"05/08/2016","490353006","4","3.3","ug/m3 LC","14","1","100.0000","88101","PM2.5 - Local Conditions","41620","Salt Lake City, UT","49","Utah","035","Salt Lake","40.736389","-111.872222"
"05/09/2016","490353006","4","3.7","ug/m3 LC","15","1","100.0000","88101","PM2.5 - Local Conditions","41620","Salt Lake City, UT","49","Utah","035","Salt Lake","40.736389","-111.872222"
"05/10/2016","490353006","4","3.1","ug/m3 LC","13","1","100.0000","88101","PM2.5 - Local Conditions","41620","Salt Lake City, UT","49","Utah","035","Salt Lake","40.736389","-111.872222"
"05/11/2016","490353006","4","2.5","ug/m3 LC","10","1","100.0000","88101","PM2.5 - Local Conditions","41620","Salt Lake City, UT","49","Utah","035","Salt Lake","40.736389","-111.872222"
"05/12/2016","490353006","4","3.1","ug/m3 LC","13","1","100.0000","88101","PM2.5 - Local Conditions","41620","Salt Lake City, UT","49","Utah","035","Salt Lake","40.736389","-111.872222"
"05/13/2016","490353006","4","4","ug/m3 LC","17","1","100.0000","88101","PM2.5 - Local Conditions","41620","Salt Lake City, UT","49","Utah","035","Salt Lake","40.736389","-111.872222"
"05/14/2016","490353006","4","5","ug/m3 LC","21","1","100.0000","88101","PM2.5 - Local Conditions","41620","Salt Lake City, UT","49","Utah","035","Salt Lake","40.736389","-111.872222"
"05/15/2016","490353006","4","7","ug/m3 LC","29","1","100.0000","88101","PM2.5 - Local Conditions","41620","Salt Lake City, UT","49","Utah","035","Salt Lake","40.736389","-111.872222"
"05/16/2016","490353006","4","3.7","ug/m3 LC","15","1","100.0000","88101","PM2.5 - Local Conditions","41620","Salt Lake City, UT","49","Utah","035","Salt Lake","40.736389","-111.872222"
"05/17/2016","490353006","4","2.3","ug/m3 LC","10","1","100.0000","88101","PM2.5 - Local Conditions","41620","Salt Lake City, UT","49","Utah","035","Salt Lake","40.736389","-111.872222"
"05/18/2016","490353006","4","2.6","ug/m3 LC","11","1","100.0000","88101","PM2.5 - Local Conditions","41620","Salt Lake City, UT","49","Utah","035","Salt Lake","40.736389","-111.872222"
"05/19/2016","490353006","4","5.1","ug/m3 LC","21","1","100.0000","88101","PM2.5 - Local Conditions","41620","Salt Lake City, UT","49","Utah","035","Salt Lake","40.736389","-111.872222"
"05/20/2016","490353006","4","4.9","ug/m3 LC","20","1","100.0000","88101","PM2.5 - Local Conditions","41620","Salt Lake City, UT","49","Utah","035","Salt Lake","40.736389","-111.872222"
"05/21/2016","490353006","4","6.7","ug/m3 LC","28","1","100.0000","88101","PM2.5 - Local Conditions","41620","Salt Lake City, UT","49","Utah","035","Salt Lake","40.736389","-111.872222"
"05/22/2016","490353006","4","5","ug/m3 LC","21","1","100.0000","88101","PM2.5 - Local Conditions","41620","Salt Lake City, UT","49","Utah","035","Salt Lake","40.736389","-111.872222"
"05/23/2016","490353006","4","3.4","ug/m3 LC","14","1","100.0000","88101","PM2.5 - Local Conditions","41620","Salt Lake City, UT","49","Utah","035","Salt Lake","40.736389","-111.872222"
"05/24/2016","490353006","4","4.8","ug/m3 LC","20","1","100.0000","88101","PM2.5 - Local Conditions","41620","Salt Lake City, UT","49","Utah","035","Salt Lake","40.736389","-111.872222"
"05/25/2016","490353006","4","5.2","ug/m3 LC","22","1","100.0000","88101","PM2.5 - Local Conditions","41620","Salt Lake City, UT","49","Utah","035","Salt Lake","40.736389","-111.872222"
"05/26/2016","490353006","4","3.9","ug/m3 LC","16","1","100.0000","88101","PM2.5 - Local Conditions","41620","Salt Lake City, UT","49","Utah","035","Salt Lake","40.736389","-111.872222"
"05/27/2016","490353006","4","3.3","ug/m3 LC","14","1","100.0000","88101","PM2.5 - Local Conditions","41620","Salt Lake City, UT","49","Utah","035","Salt Lake","40.736389","-111.872222"
"05/28/2016","490353006","4","6.1","ug/m3 LC","25","1","100.0000","88101","PM2.5 - Local Conditions","41620","Salt Lake City, UT","49","Utah","035","Salt Lake","40.736389","-111.872222"
"05/29/2016","490353006","4","4.6","ug/m3 LC","19","1","100.0000","88101","PM2.5 - Local Conditions","41620","Salt Lake City, UT","49","Utah","035","Salt Lake","40.736389","-111.872222"
"05/30/2016","490353006","4","5","ug/m3 LC","21","1","100.0000","88101","PM2.5 - Local Conditions","41620","Salt Lake City, UT","49","Utah","035","Salt Lake","40.736389","-111.872222"
"05/31/2016","490353006","4","5.7","ug/m3 LC","24","1","100.0000","88101","PM2.5 - Local Conditions","41620","Salt Lake City, UT","49","Utah","035","Salt Lake","40.736389","-111.872222"
"06/01/2016","490353006","4","6.3","ug/m3 LC","26","1","100.0000","88101","PM2.5 - Local Conditions","41620","Salt Lake City, UT","49","Utah","035","Salt Lake","40.736389","-111.872222"
"06/03/2016","490353006","4","5.5","ug/m3 LC","23","1","100.0000","88101","PM2.5 - Local Conditions","41620","Salt Lake City, UT","49","Utah","035","Salt Lake","40.736389","-111.872222"
"06/04/2016","490353006","4","5.8","ug/m3 LC","24","1","100.0000","88101","PM2.5 - Local Conditions","41620","Salt Lake City, UT","49","Utah","035","Salt Lake","40.736389","-111.872222"
"06/05/2016","490353006","4","6.2","ug/m3 LC","26","1","100.0000","88101","PM2.5 - Local Conditions","41620","Salt Lake City, UT","49","Utah","035","Salt Lake","40.736389","-111.872222"
"06/06/2016","490353006","4","7","ug/m3 LC","29","1","100.0000","88101","PM2.5 - Local Conditions","41620","Salt Lake City, UT","49","Utah","035","Salt Lake","40.736389","-111.872222"
"06/07/2016","490353006","4","9","ug/m3 LC","38","1","100.0000","88101","PM2.5 - Local Conditions","41620","Salt Lake City, UT","49","Utah","035","Salt Lake","40.736389","-111.872222"
"06/08/2016","490353006","4","6.4","ug/m3 LC","27","1","100.0000","88101","PM2.5 - Local Conditions","41620","Salt Lake City, UT","49","Utah","035","Salt Lake","40.736389","-111.872222"
"06/09/2016","490353006","4","8.3","ug/m3 LC","35","1","100.0000","88101","PM2.5 - Local Conditions","41620","Salt Lake City, UT","49","Utah","035","Salt Lake","40.736389","-111.872222"
"06/10/2016","490353006","4","8.3","ug/m3 LC","35","1","100.0000","88101","PM2.5 - Local Conditions","41620","Salt Lake City, UT","49","Utah","035","Salt Lake","40.736389","-111.872222"
"06/11/2016","490353006","4","7.9","ug/m3 LC","33","1","100.0000","88101","PM2.5 - Local Conditions","41620","Salt Lake City, UT","49","Utah","035","Salt Lake","40.736389","-111.872222"
"06/12/2016","490353006","4","6.2","ug/m3 LC","26","1","100.0000","88101","PM2.5 - Local Conditions","41620","Salt Lake City, UT","49","Utah","035","Salt Lake","40.736389","-111.872222"
"06/14/2016","490353006","4","3.4","ug/m3 LC","14","1","100.0000","88101","PM2.5 - Local Conditions","41620","Salt Lake City, UT","49","Utah","035","Salt Lake","40.736389","-111.872222"
"06/15/2016","490353006","4","6.2","ug/m3 LC","26","1","100.0000","88101","PM2.5 - Local Conditions","41620","Salt Lake City, UT","49","Utah","035","Salt Lake","40.736389","-111.872222"
"06/16/2016","490353006","4","6.9","ug/m3 LC","29","1","100.0000","88101","PM2.5 - Local Conditions","41620","Salt Lake City, UT","49","Utah","035","Salt Lake","40.736389","-111.872222"
"06/17/2016","490353006","4","5.8","ug/m3 LC","24","1","100.0000","88101","PM2.5 - Local Conditions","41620","Salt Lake City, UT","49","Utah","035","Salt Lake","40.736389","-111.872222"
"06/18/2016","490353006","4","4","ug/m3 LC","17","1","100.0000","88101","PM2.5 - Local Conditions","41620","Salt Lake City, UT","49","Utah","035","Salt Lake","40.736389","-111.872222"
"06/19/2016","490353006","4","6.1","ug/m3 LC","25","1","100.0000","88101","PM2.5 - Local Conditions","41620","Salt Lake City, UT","49","Utah","035","Salt Lake","40.736389","-111.872222"
"06/20/2016","490353006","4","7","ug/m3 LC","29","1","100.0000","88101","PM2.5 - Local Conditions","41620","Salt Lake City, UT","49","Utah","035","Salt Lake","40.736389","-111.872222"
"06/21/2016","490353006","4","5.8","ug/m3 LC","24","1","100.0000","88101","PM2.5 - Local Conditions","41620","Salt Lake City, UT","49","Utah","035","Salt Lake","40.736389","-111.872222"
"06/22/2016","490353006","4","6.5","ug/m3 LC","27","1","100.0000","88101","PM2.5 - Local Conditions","41620","Salt Lake City, UT","49","Utah","035","Salt Lake","40.736389","-111.872222"
"06/23/2016","490353006","4","7.5","ug/m3 LC","31","1","100.0000","88101","PM2.5 - Local Conditions","41620","Salt Lake City, UT","49","Utah","035","Salt Lake","40.736389","-111.872222"
"06/24/2016","490353006","4","5.6","ug/m3 LC","23","1","100.0000","88101","PM2.5 - Local Conditions","41620","Salt Lake City, UT","49","Utah","035","Salt Lake","40.736389","-111.872222"
"06/25/2016","490353006","4","6.6","ug/m3 LC","28","1","100.0000","88101","PM2.5 - Local Conditions","41620","Salt Lake City, UT","49","Utah","035","Salt Lake","40.736389","-111.872222"
"06/26/2016","490353006","4","4.7","ug/m3 LC","20","1","100.0000","88101","PM2.5 - Local Conditions","41620","Salt Lake City, UT","49","Utah","035","Salt Lake","40.736389","-111.872222"
"06/27/2016","490353006","4","7.7","ug/m3 LC","32","1","100.0000","88101","PM2.5 - Local Conditions","41620","Salt Lake City, UT","49","Utah","035","Salt Lake","40.736389","-111.872222"
"06/28/2016","490353006","4","8.2","ug/m3 LC","34","1","100.0000","88101","PM2.5 - Local Conditions","41620","Salt Lake City, UT","49","Utah","035","Salt Lake","40.736389","-111.872222"
"06/29/2016","490353006","4","6.1","ug/m3 LC","25","1","100.0000","88101","PM2.5 - Local Conditions","41620","Salt Lake City, UT","49","Utah","035","Salt Lake","40.736389","-111.872222"
"06/30/2016","490353006","4","5","ug/m3 LC","21","1","100.0000","88101","PM2.5 - Local Conditions","41620","Salt Lake City, UT","49","Utah","035","Salt Lake","40.736389","-111.872222"
"07/01/2016","490353006","4","5.6","ug/m3 LC","23","1","100.0000","88101","PM2.5 - Local Conditions","41620","Salt Lake City, UT","49","Utah","035","Salt Lake","40.736389","-111.872222"
"07/02/2016","490353006","4","6.2","ug/m3 LC","26","1","100.0000","88101","PM2.5 - Local Conditions","41620","Salt Lake City, UT","49","Utah","035","Salt Lake","40.736389","-111.872222"
"07/03/2016","490353006","4","9.6","ug/m3 LC","40","1","100.0000","88101","PM2.5 - Local Conditions","41620","Salt Lake City, UT","49","Utah","035","Salt Lake","40.736389","-111.872222"
"07/04/2016","490353006","4","33.5","ug/m3 LC","96","1","100.0000","88101","PM2.5 - Local Conditions","41620","Salt Lake City, UT","49","Utah","035","Salt Lake","40.736389","-111.872222"
"07/05/2016","490353006","4","15.1","ug/m3 LC","57","1","100.0000","88101","PM2.5 - Local Conditions","41620","Salt Lake City, UT","49","Utah","035","Salt Lake","40.736389","-111.872222"
"07/06/2016","490353006","4","7.7","ug/m3 LC","32","1","100.0000","88101","PM2.5 - Local Conditions","41620","Salt Lake City, UT","49","Utah","035","Salt Lake","40.736389","-111.872222"
"07/07/2016","490353006","4","5.7","ug/m3 LC","24","1","100.0000","88101","PM2.5 - Local Conditions","41620","Salt Lake City, UT","49","Utah","035","Salt Lake","40.736389","-111.872222"
"07/08/2016","490353006","4","5.9","ug/m3 LC","25","1","100.0000","88101","PM2.5 - Local Conditions","41620","Salt Lake City, UT","49","Utah","035","Salt Lake","40.736389","-111.872222"
"07/09/2016","490353006","4","4.4","ug/m3 LC","18","1","100.0000","88101","PM2.5 - Local Conditions","41620","Salt Lake City, UT","49","Utah","035","Salt Lake","40.736389","-111.872222"
"07/10/2016","490353006","4","6","ug/m3 LC","25","1","100.0000","88101","PM2.5 - Local Conditions","41620","Salt Lake City, UT","49","Utah","035","Salt Lake","40.736389","-111.872222"
"07/11/2016","490353006","4","5.2","ug/m3 LC","22","1","100.0000","88101","PM2.5 - Local Conditions","41620","Salt Lake City, UT","49","Utah","035","Salt Lake","40.736389","-111.872222"
"07/12/2016","490353006","4","6","ug/m3 LC","25","1","100.0000","88101","PM2.5 - Local Conditions","41620","Salt Lake City, UT","49","Utah","035","Salt Lake","40.736389","-111.872222"
"07/13/2016","490353006","4","4.5","ug/m3 LC","19","1","100.0000","88101","PM2.5 - Local Conditions","41620","Salt Lake City, UT","49","Utah","035","Salt Lake","40.736389","-111.872222"
"07/14/2016","490353006","4","5.9","ug/m3 LC","25","1","100.0000","88101","PM2.5 - Local Conditions","41620","Salt Lake City, UT","49","Utah","035","Salt Lake","40.736389","-111.872222"
"07/15/2016","490353006","4","6.3","ug/m3 LC","26","1","100.0000","88101","PM2.5 - Local Conditions","41620","Salt Lake City, UT","49","Utah","035","Salt Lake","40.736389","-111.872222"
"07/16/2016","490353006","4","9.9","ug/m3 LC","41","1","100.0000","88101","PM2.5 - Local Conditions","41620","Salt Lake City, UT","49","Utah","035","Salt Lake","40.736389","-111.872222"
"07/17/2016","490353006","4","7.3","ug/m3 LC","30","1","100.0000","88101","PM2.5 - Local Conditions","41620","Salt Lake City, UT","49","Utah","035","Salt Lake","40.736389","-111.872222"
"07/18/2016","490353006","4","6.1","ug/m3 LC","25","1","100.0000","88101","PM2.5 - Local Conditions","41620","Salt Lake City, UT","49","Utah","035","Salt Lake","40.736389","-111.872222"
"07/19/2016","490353006","4","9.1","ug/m3 LC","38","1","100.0000","88101","PM2.5 - Local Conditions","41620","Salt Lake City, UT","49","Utah","035","Salt Lake","40.736389","-111.872222"
"07/20/2016","490353006","4","5.9","ug/m3 LC","25","1","100.0000","88101","PM2.5 - Local Conditions","41620","Salt Lake City, UT","49","Utah","035","Salt Lake","40.736389","-111.872222"
"07/21/2016","490353006","4","4.3","ug/m3 LC","18","1","100.0000","88101","PM2.5 - Local Conditions","41620","Salt Lake City, UT","49","Utah","035","Salt Lake","40.736389","-111.872222"
"07/22/2016","490353006","4","6.5","ug/m3 LC","27","1","100.0000","88101","PM2.5 - Local Conditions","41620","Salt Lake City, UT","49","Utah","035","Salt Lake","40.736389","-111.872222"
"07/23/2016","490353006","4","9.8","ug/m3 LC","41","1","100.0000","88101","PM2.5 - Local Conditions","41620","Salt Lake City, UT","49","Utah","035","Salt Lake","40.736389","-111.872222"
"07/24/2016","490353006","4","10.3","ug/m3 LC","43","1","100.0000","88101","PM2.5 - Local Conditions","41620","Salt Lake City, UT","49","Utah","035","Salt Lake","40.736389","-111.872222"
"07/25/2016","490353006","4","13.9","ug/m3 LC","55","1","100.0000","88101","PM2.5 - Local Conditions","41620","Salt Lake City, UT","49","Utah","035","Salt Lake","40.736389","-111.872222"
"08/01/2016","490353006","4","13.9","ug/m3 LC","55","1","100.0000","88101","PM2.5 - Local Conditions","41620","Salt Lake City, UT","49","Utah","035","Salt Lake","40.736389","-111.872222"
"08/02/2016","490353006","4","8.3","ug/m3 LC","35","1","100.0000","88101","PM2.5 - Local Conditions","41620","Salt Lake City, UT","49","Utah","035","Salt Lake","40.736389","-111.872222"
"08/03/2016","490353006","4","9.5","ug/m3 LC","40","1","100.0000","88101","PM2.5 - Local Conditions","41620","Salt Lake City, UT","49","Utah","035","Salt Lake","40.736389","-111.872222"
"08/04/2016","490353006","4","20.8","ug/m3 LC","69","1","100.0000","88101","PM2.5 - Local Conditions","41620","Salt Lake City, UT","49","Utah","035","Salt Lake","40.736389","-111.872222"
"08/05/2016","490353006","4","10.1","ug/m3 LC","42","1","100.0000","88101","PM2.5 - Local Conditions","41620","Salt Lake City, UT","49","Utah","035","Salt Lake","40.736389","-111.872222"
"08/06/2016","490353006","4","3.4","ug/m3 LC","14","1","100.0000","88101","PM2.5 - Local Conditions","41620","Salt Lake City, UT","49","Utah","035","Salt Lake","40.736389","-111.872222"
"08/07/2016","490353006","4","1.7","ug/m3 LC","7","1","100.0000","88101","PM2.5 - Local Conditions","41620","Salt Lake City, UT","49","Utah","035","Salt Lake","40.736389","-111.872222"
"08/08/2016","490353006","4","6.3","ug/m3 LC","26","1","100.0000","88101","PM2.5 - Local Conditions","41620","Salt Lake City, UT","49","Utah","035","Salt Lake","40.736389","-111.872222"
"08/09/2016","490353006","4","6.8","ug/m3 LC","28","1","100.0000","88101","PM2.5 - Local Conditions","41620","Salt Lake City, UT","49","Utah","035","Salt Lake","40.736389","-111.872222"
"08/10/2016","490353006","4","9.6","ug/m3 LC","40","1","100.0000","88101","PM2.5 - Local Conditions","41620","Salt Lake City, UT","49","Utah","035","Salt Lake","40.736389","-111.872222"
"08/11/2016","490353006","4","7.1","ug/m3 LC","30","1","100.0000","88101","PM2.5 - Local Conditions","41620","Salt Lake City, UT","49","Utah","035","Salt Lake","40.736389","-111.872222"
"08/12/2016","490353006","4","6.7","ug/m3 LC","28","1","100.0000","88101","PM2.5 - Local Conditions","41620","Salt Lake City, UT","49","Utah","035","Salt Lake","40.736389","-111.872222"
"08/13/2016","490353006","4","9.3","ug/m3 LC","39","1","100.0000","88101","PM2.5 - Local Conditions","41620","Salt Lake City, UT","49","Utah","035","Salt Lake","40.736389","-111.872222"
"08/14/2016","490353006","4","7.6","ug/m3 LC","32","1","100.0000","88101","PM2.5 - Local Conditions","41620","Salt Lake City, UT","49","Utah","035","Salt Lake","40.736389","-111.872222"
"08/15/2016","490353006","4","6.5","ug/m3 LC","27","1","100.0000","88101","PM2.5 - Local Conditions","41620","Salt Lake City, UT","49","Utah","035","Salt Lake","40.736389","-111.872222"
"08/16/2016","490353006","4","4.4","ug/m3 LC","18","1","100.0000","88101","PM2.5 - Local Conditions","41620","Salt Lake City, UT","49","Utah","035","Salt Lake","40.736389","-111.872222"
"08/17/2016","490353006","4","6.2","ug/m3 LC","26","1","100.0000","88101","PM2.5 - Local Conditions","41620","Salt Lake City, UT","49","Utah","035","Salt Lake","40.736389","-111.872222"
"08/18/2016","490353006","4","8","ug/m3 LC","33","1","100.0000","88101","PM2.5 - Local Conditions","41620","Salt Lake City, UT","49","Utah","035","Salt Lake","40.736389","-111.872222"
"08/19/2016","490353006","4","13.9","ug/m3 LC","55","1","100.0000","88101","PM2.5 - Local Conditions","41620","Salt Lake City, UT","49","Utah","035","Salt Lake","40.736389","-111.872222"
"08/20/2016","490353006","4","12.5","ug/m3 LC","52","1","100.0000","88101","PM2.5 - Local Conditions","41620","Salt Lake City, UT","49","Utah","035","Salt Lake","40.736389","-111.872222"
"08/21/2016","490353006","4","14","ug/m3 LC","55","1","100.0000","88101","PM2.5 - Local Conditions","41620","Salt Lake City, UT","49","Utah","035","Salt Lake","40.736389","-111.872222"
"08/22/2016","490353006","4","8.3","ug/m3 LC","35","1","100.0000","88101","PM2.5 - Local Conditions","41620","Salt Lake City, UT","49","Utah","035","Salt Lake","40.736389","-111.872222"
"08/23/2016","490353006","4","7.2","ug/m3 LC","30","1","100.0000","88101","PM2.5 - Local Conditions","41620","Salt Lake City, UT","49","Utah","035","Salt Lake","40.736389","-111.872222"
"08/24/2016","490353006","4","11.3","ug/m3 LC","47","1","100.0000","88101","PM2.5 - Local Conditions","41620","Salt Lake City, UT","49","Utah","035","Salt Lake","40.736389","-111.872222"
"08/25/2016","490353006","4","13.4","ug/m3 LC","54","1","100.0000","88101","PM2.5 - Local Conditions","41620","Salt Lake City, UT","49","Utah","035","Salt Lake","40.736389","-111.872222"
"08/26/2016","490353006","4","6.4","ug/m3 LC","27","1","100.0000","88101","PM2.5 - Local Conditions","41620","Salt Lake City, UT","49","Utah","035","Salt Lake","40.736389","-111.872222"
"08/27/2016","490353006","4","7.3","ug/m3 LC","30","1","100.0000","88101","PM2.5 - Local Conditions","41620","Salt Lake City, UT","49","Utah","035","Salt Lake","40.736389","-111.872222"
"08/28/2016","490353006","4","5.8","ug/m3 LC","24","1","100.0000","88101","PM2.5 - Local Conditions","41620","Salt Lake City, UT","49","Utah","035","Salt Lake","40.736389","-111.872222"
"08/29/2016","490353006","4","8.7","ug/m3 LC","36","1","100.0000","88101","PM2.5 - Local Conditions","41620","Salt Lake City, UT","49","Utah","035","Salt Lake","40.736389","-111.872222"
"08/30/2016","490353006","4","7.8","ug/m3 LC","33","1","100.0000","88101","PM2.5 - Local Conditions","41620","Salt Lake City, UT","49","Utah","035","Salt Lake","40.736389","-111.872222"
"08/31/2016","490353006","4","7.2","ug/m3 LC","30","1","100.0000","88101","PM2.5 - Local Conditions","41620","Salt Lake City, UT","49","Utah","035","Salt Lake","40.736389","-111.872222"
"09/01/2016","490353006","4","4.6","ug/m3 LC","19","1","100.0000","88101","PM2.5 - Local Conditions","41620","Salt Lake City, UT","49","Utah","035","Salt Lake","40.736389","-111.872222"
"09/02/2016","490353006","4","4.6","ug/m3 LC","19","1","100.0000","88101","PM2.5 - Local Conditions","41620","Salt Lake City, UT","49","Utah","035","Salt Lake","40.736389","-111.872222"
"09/03/2016","490353006","4","10.4","ug/m3 LC","43","1","100.0000","88101","PM2.5 - Local Conditions","41620","Salt Lake City, UT","49","Utah","035","Salt Lake","40.736389","-111.872222"
"09/04/2016","490353006","4","8.9","ug/m3 LC","37","1","100.0000","88101","PM2.5 - Local Conditions","41620","Salt Lake City, UT","49","Utah","035","Salt Lake","40.736389","-111.872222"
"09/05/2016","490353006","4","5.7","ug/m3 LC","24","1","100.0000","88101","PM2.5 - Local Conditions","41620","Salt Lake City, UT","49","Utah","035","Salt Lake","40.736389","-111.872222"
"09/06/2016","490353006","4","7.3","ug/m3 LC","30","1","100.0000","88101","PM2.5 - Local Conditions","41620","Salt Lake City, UT","49","Utah","035","Salt Lake","40.736389","-111.872222"
"09/07/2016","490353006","4","6","ug/m3 LC","25","1","100.0000","88101","PM2.5 - Local Conditions","41620","Salt Lake City, UT","49","Utah","035","Salt Lake","40.736389","-111.872222"
"09/08/2016","490353006","4","3.9","ug/m3 LC","16","1","100.0000","88101","PM2.5 - Local Conditions","41620","Salt Lake City, UT","49","Utah","035","Salt Lake","40.736389","-111.872222"
"09/09/2016","490353006","4","4.4","ug/m3 LC","18","1","100.0000","88101","PM2.5 - Local Conditions","41620","Salt Lake City, UT","49","Utah","035","Salt Lake","40.736389","-111.872222"
"09/10/2016","490353006","4","7.5","ug/m3 LC","31","1","100.0000","88101","PM2.5 - Local Conditions","41620","Salt Lake City, UT","49","Utah","035","Salt Lake","40.736389","-111.872222"
"09/11/2016","490353006","4","6.6","ug/m3 LC","28","1","100.0000","88101","PM2.5 - Local Conditions","41620","Salt Lake City, UT","49","Utah","035","Salt Lake","40.736389","-111.872222"
"09/12/2016","490353006","4","9.2","ug/m3 LC","38","1","100.0000","88101","PM2.5 - Local Conditions","41620","Salt Lake City, UT","49","Utah","035","Salt Lake","40.736389","-111.872222"
"09/13/2016","490353006","4","8","ug/m3 LC","33","1","100.0000","88101","PM2.5 - Local Conditions","41620","Salt Lake City, UT","49","Utah","035","Salt Lake","40.736389","-111.872222"
"09/14/2016","490353006","4","4.8","ug/m3 LC","20","1","100.0000","88101","PM2.5 - Local Conditions","41620","Salt Lake City, UT","49","Utah","035","Salt Lake","40.736389","-111.872222"
"09/15/2016","490353006","4","6.9","ug/m3 LC","29","1","100.0000","88101","PM2.5 - Local Conditions","41620","Salt Lake City, UT","49","Utah","035","Salt Lake","40.736389","-111.872222"
"09/16/2016","490353006","4","8.7","ug/m3 LC","36","1","100.0000","88101","PM2.5 - Local Conditions","41620","Salt Lake City, UT","49","Utah","035","Salt Lake","40.736389","-111.872222"
"09/17/2016","490353006","4","6.6","ug/m3 LC","28","1","100.0000","88101","PM2.5 - Local Conditions","41620","Salt Lake City, UT","49","Utah","035","Salt Lake","40.736389","-111.872222"
"09/18/2016","490353006","4","5.2","ug/m3 LC","22","1","100.0000","88101","PM2.5 - Local Conditions","41620","Salt Lake City, UT","49","Utah","035","Salt Lake","40.736389","-111.872222"
"09/19/2016","490353006","4","5.2","ug/m3 LC","22","1","100.0000","88101","PM2.5 - Local Conditions","41620","Salt Lake City, UT","49","Utah","035","Salt Lake","40.736389","-111.872222"
"09/20/2016","490353006","4","8.3","ug/m3 LC","35","1","100.0000","88101","PM2.5 - Local Conditions","41620","Salt Lake City, UT","49","Utah","035","Salt Lake","40.736389","-111.872222"
"09/21/2016","490353006","4","7.5","ug/m3 LC","31","1","100.0000","88101","PM2.5 - Local Conditions","41620","Salt Lake City, UT","49","Utah","035","Salt Lake","40.736389","-111.872222"
"09/22/2016","490353006","4","4.1","ug/m3 LC","17","1","100.0000","88101","PM2.5 - Local Conditions","41620","Salt Lake City, UT","49","Utah","035","Salt Lake","40.736389","-111.872222"
"09/23/2016","490353006","4","4.8","ug/m3 LC","20","1","100.0000","88101","PM2.5 - Local Conditions","41620","Salt Lake City, UT","49","Utah","035","Salt Lake","40.736389","-111.872222"
"09/24/2016","490353006","4","3.8","ug/m3 LC","16","1","100.0000","88101","PM2.5 - Local Conditions","41620","Salt Lake City, UT","49","Utah","035","Salt Lake","40.736389","-111.872222"
"09/25/2016","490353006","4","4.4","ug/m3 LC","18","1","100.0000","88101","PM2.5 - Local Conditions","41620","Salt Lake City, UT","49","Utah","035","Salt Lake","40.736389","-111.872222"
"09/26/2016","490353006","4","7.2","ug/m3 LC","30","1","100.0000","88101","PM2.5 - Local Conditions","41620","Salt Lake City, UT","49","Utah","035","Salt Lake","40.736389","-111.872222"
"09/27/2016","490353006","4","8.9","ug/m3 LC","37","1","100.0000","88101","PM2.5 - Local Conditions","41620","Salt Lake City, UT","49","Utah","035","Salt Lake","40.736389","-111.872222"
"09/28/2016","490353006","4","7.8","ug/m3 LC","33","1","100.0000","88101","PM2.5 - Local Conditions","41620","Salt Lake City, UT","49","Utah","035","Salt Lake","40.736389","-111.872222"
"09/29/2016","490353006","4","4.7","ug/m3 LC","20","1","100.0000","88101","PM2.5 - Local Conditions","41620","Salt Lake City, UT","49","Utah","035","Salt Lake","40.736389","-111.872222"
"09/30/2016","490353006","4","3.5","ug/m3 LC","15","1","100.0000","88101","PM2.5 - Local Conditions","41620","Salt Lake City, UT","49","Utah","035","Salt Lake","40.736389","-111.872222"
"01/01/2016","490353006","5","19.2","ug/m3 LC","66","1","100.0000","88101","PM2.5 - Local Conditions","41620","Salt Lake City, UT","49","Utah","035","Salt Lake","40.736389","-111.872222"
"01/02/2016","490353006","5","23.5","ug/m3 LC","75","1","100.0000","88101","PM2.5 - Local Conditions","41620","Salt Lake City, UT","49","Utah","035","Salt Lake","40.736389","-111.872222"
"01/03/2016","490353006","5","26.5","ug/m3 LC","81","1","100.0000","88101","PM2.5 - Local Conditions","41620","Salt Lake City, UT","49","Utah","035","Salt Lake","40.736389","-111.872222"
"01/04/2016","490353006","5","34.1","ug/m3 LC","97","1","100.0000","88101","PM2.5 - Local Conditions","41620","Salt Lake City, UT","49","Utah","035","Salt Lake","40.736389","-111.872222"
"01/05/2016","490353006","5","25.2","ug/m3 LC","79","1","100.0000","88101","PM2.5 - Local Conditions","41620","Salt Lake City, UT","49","Utah","035","Salt Lake","40.736389","-111.872222"
"01/06/2016","490353006","5","13.6","ug/m3 LC","54","1","100.0000","88101","PM2.5 - Local Conditions","41620","Salt Lake City, UT","49","Utah","035","Salt Lake","40.736389","-111.872222"
"01/07/2016","490353006","5","13.2","ug/m3 LC","53","1","100.0000","88101","PM2.5 - Local Conditions","41620","Salt Lake City, UT","49","Utah","035","Salt Lake","40.736389","-111.872222"
"01/08/2016","490353006","5","5.6","ug/m3 LC","23","1","100.0000","88101","PM2.5 - Local Conditions","41620","Salt Lake City, UT","49","Utah","035","Salt Lake","40.736389","-111.872222"
"01/09/2016","490353006","5","8.2","ug/m3 LC","34","1","100.0000","88101","PM2.5 - Local Conditions","41620","Salt Lake City, UT","49","Utah","035","Salt Lake","40.736389","-111.872222"
"01/10/2016","490353006","5","8.8","ug/m3 LC","37","1","100.0000","88101","PM2.5 - Local Conditions","41620","Salt Lake City, UT","49","Utah","035","Salt Lake","40.736389","-111.872222"
"01/11/2016","490353006","5","9.2","ug/m3 LC","38","1","100.0000","88101","PM2.5 - Local Conditions","41620","Salt Lake City, UT","49","Utah","035","Salt Lake","40.736389","-111.872222"
"01/12/2016","490353006","5","20.1","ug/m3 LC","68","1","100.0000","88101","PM2.5 - Local Conditions","41620","Salt Lake City, UT","49","Utah","035","Salt Lake","40.736389","-111.872222"
"01/13/2016","490353006","5","29.3","ug/m3 LC","87","1","100.0000","88101","PM2.5 - Local Conditions","41620","Salt Lake City, UT","49","Utah","035","Salt Lake","40.736389","-111.872222"
"01/14/2016","490353006","5","20.4","ug/m3 LC","68","1","100.0000","88101","PM2.5 - Local Conditions","41620","Salt Lake City, UT","49","Utah","035","Salt Lake","40.736389","-111.872222"
"01/15/2016","490353006","5","9.5","ug/m3 LC","40","1","100.0000","88101","PM2.5 - Local Conditions","41620","Salt Lake City, UT","49","Utah","035","Salt Lake","40.736389","-111.872222"
"01/16/2016","490353006","5","8.1","ug/m3 LC","34","1","100.0000","88101","PM2.5 - Local Conditions","41620","Salt Lake City, UT","49","Utah","035","Salt Lake","40.736389","-111.872222"
"01/17/2016","490353006","5","7.6","ug/m3 LC","32","1","100.0000","88101","PM2.5 - Local Conditions","41620","Salt Lake City, UT","49","Utah","035","Salt Lake","40.736389","-111.872222"
"01/18/2016","490353006","5","6.4","ug/m3 LC","27","1","100.0000","88101","PM2.5 - Local Conditions","41620","Salt Lake City, UT","49","Utah","035","Salt Lake","40.736389","-111.872222"
"01/19/2016","490353006","5","5.2","ug/m3 LC","22","1","100.0000","88101","PM2.5 - Local Conditions","41620","Salt Lake City, UT","49","Utah","035","Salt Lake","40.736389","-111.872222"
"01/20/2016","490353006","5","1.2","ug/m3 LC","5","1","100.0000","88101","PM2.5 - Local Conditions","41620","Salt Lake City, UT","49","Utah","035","Salt Lake","40.736389","-111.872222"
"01/21/2016","490353006","5","7.2","ug/m3 LC","30","1","100.0000","88101","PM2.5 - Local Conditions","41620","Salt Lake City, UT","49","Utah","035","Salt Lake","40.736389","-111.872222"
"01/22/2016","490353006","5","15.9","ug/m3 LC","59","1","100.0000","88101","PM2.5 - Local Conditions","41620","Salt Lake City, UT","49","Utah","035","Salt Lake","40.736389","-111.872222"
"01/23/2016","490353006","5","20.1","ug/m3 LC","68","1","100.0000","88101","PM2.5 - Local Conditions","41620","Salt Lake City, UT","49","Utah","035","Salt Lake","40.736389","-111.872222"
"01/24/2016","490353006","5","9.3","ug/m3 LC","39","1","100.0000","88101","PM2.5 - Local Conditions","41620","Salt Lake City, UT","49","Utah","035","Salt Lake","40.736389","-111.872222"
"01/25/2016","490353006","5","4.5","ug/m3 LC","19","1","100.0000","88101","PM2.5 - Local Conditions","41620","Salt Lake City, UT","49","Utah","035","Salt Lake","40.736389","-111.872222"
"01/26/2016","490353006","5","11.2","ug/m3 LC","47","1","100.0000","88101","PM2.5 - Local Conditions","41620","Salt Lake City, UT","49","Utah","035","Salt Lake","40.736389","-111.872222"
"01/27/2016","490353006","5","23.5","ug/m3 LC","75","1","100.0000","88101","PM2.5 - Local Conditions","41620","Salt Lake City, UT","49","Utah","035","Salt Lake","40.736389","-111.872222"
"01/28/2016","490353006","5","34","ug/m3 LC","97","1","100.0000","88101","PM2.5 - Local Conditions","41620","Salt Lake City, UT","49","Utah","035","Salt Lake","40.736389","-111.872222"
"01/29/2016","490353006","5","24.9","ug/m3 LC","78","1","100.0000","88101","PM2.5 - Local Conditions","41620","Salt Lake City, UT","49","Utah","035","Salt Lake","40.736389","-111.872222"
"01/30/2016","490353006","5","4.7","ug/m3 LC","20","1","100.0000","88101","PM2.5 - Local Conditions","41620","Salt Lake City, UT","49","Utah","035","Salt Lake","40.736389","-111.872222"
"01/31/2016","490353006","5","7.2","ug/m3 LC","30","1","100.0000","88101","PM2.5 - Local Conditions","41620","Salt Lake City, UT","49","Utah","035","Salt Lake","40.736389","-111.872222"
"02/01/2016","490353006","5","4.4","ug/m3 LC","18","1","100.0000","88101","PM2.5 - Local Conditions","41620","Salt Lake City, UT","49","Utah","035","Salt Lake","40.736389","-111.872222"
"02/02/2016","490353006","5","5.2","ug/m3 LC","22","1","100.0000","88101","PM2.5 - Local Conditions","41620","Salt Lake City, UT","49","Utah","035","Salt Lake","40.736389","-111.872222"
"02/03/2016","490353006","5","8.2","ug/m3 LC","34","1","100.0000","88101","PM2.5 - Local Conditions","41620","Salt Lake City, UT","49","Utah","035","Salt Lake","40.736389","-111.872222"
"02/04/2016","490353006","5","13.3","ug/m3 LC","54","1","100.0000","88101","PM2.5 - Local Conditions","41620","Salt Lake City, UT","49","Utah","035","Salt Lake","40.736389","-111.872222"
"02/05/2016","490353006","5","17.8","ug/m3 LC","63","1","100.0000","88101","PM2.5 - Local Conditions","41620","Salt Lake City, UT","49","Utah","035","Salt Lake","40.736389","-111.872222"
"02/06/2016","490353006","5","21.1","ug/m3 LC","70","1","100.0000","88101","PM2.5 - Local Conditions","41620","Salt Lake City, UT","49","Utah","035","Salt Lake","40.736389","-111.872222"
"02/07/2016","490353006","5","37.4","ug/m3 LC","106","1","100.0000","88101","PM2.5 - Local Conditions","41620","Salt Lake City, UT","49","Utah","035","Salt Lake","40.736389","-111.872222"
"02/08/2016","490353006","5","43.5","ug/m3 LC","121","1","100.0000","88101","PM2.5 - Local Conditions","41620","Salt Lake City, UT","49","Utah","035","Salt Lake","40.736389","-111.872222"
"02/09/2016","490353006","5","48.6","ug/m3 LC","133","1","100.0000","88101","PM2.5 - Local Conditions","41620","Salt Lake City, UT","49","Utah","035","Salt Lake","40.736389","-111.872222"
"02/10/2016","490353006","5","57.8","ug/m3 LC","152","1","100.0000","88101","PM2.5 - Local Conditions","41620","Salt Lake City, UT","49","Utah","035","Salt Lake","40.736389","-111.872222"
"02/11/2016","490353006","5","53.1","ug/m3 LC","144","1","100.0000","88101","PM2.5 - Local Conditions","41620","Salt Lake City, UT","49","Utah","035","Salt Lake","40.736389","-111.872222"
"02/12/2016","490353006","5","56.9","ug/m3 LC","152","1","100.0000","88101","PM2.5 - Local Conditions","41620","Salt Lake City, UT","49","Utah","035","Salt Lake","40.736389","-111.872222"
"02/13/2016","490353006","5","48.3","ug/m3 LC","133","1","100.0000","88101","PM2.5 - Local Conditions","41620","Salt Lake City, UT","49","Utah","035","Salt Lake","40.736389","-111.872222"
"02/14/2016","490353006","5","38.4","ug/m3 LC","108","1","100.0000","88101","PM2.5 - Local Conditions","41620","Salt Lake City, UT","49","Utah","035","Salt Lake","40.736389","-111.872222"
"02/15/2016","490353006","5","27.7","ug/m3 LC","84","1","100.0000","88101","PM2.5 - Local Conditions","41620","Salt Lake City, UT","49","Utah","035","Salt Lake","40.736389","-111.872222"
"02/16/2016","490353006","5","8.5","ug/m3 LC","35","1","100.0000","88101","PM2.5 - Local Conditions","41620","Salt Lake City, UT","49","Utah","035","Salt Lake","40.736389","-111.872222"
"02/17/2016","490353006","5","5.7","ug/m3 LC","24","1","100.0000","88101","PM2.5 - Local Conditions","41620","Salt Lake City, UT","49","Utah","035","Salt Lake","40.736389","-111.872222"
"02/18/2016","490353006","5","1.7","ug/m3 LC","7","1","100.0000","88101","PM2.5 - Local Conditions","41620","Salt Lake City, UT","49","Utah","035","Salt Lake","40.736389","-111.872222"
"02/19/2016","490353006","5","3.1","ug/m3 LC","13","1","100.0000","88101","PM2.5 - Local Conditions","41620","Salt Lake City, UT","49","Utah","035","Salt Lake","40.736389","-111.872222"
"02/20/2016","490353006","5","5.1","ug/m3 LC","21","1","100.0000","88101","PM2.5 - Local Conditions","41620","Salt Lake City, UT","49","Utah","035","Salt Lake","40.736389","-111.872222"
"02/21/2016","490353006","5","6.5","ug/m3 LC","27","1","100.0000","88101","PM2.5 - Local Conditions","41620","Salt Lake City, UT","49","Utah","035","Salt Lake","40.736389","-111.872222"
"02/22/2016","490353006","5","6","ug/m3 LC","25","1","100.0000","88101","PM2.5 - Local Conditions","41620","Salt Lake City, UT","49","Utah","035","Salt Lake","40.736389","-111.872222"
"02/23/2016","490353006","5","6.4","ug/m3 LC","27","1","100.0000","88101","PM2.5 - Local Conditions","41620","Salt Lake City, UT","49","Utah","035","Salt Lake","40.736389","-111.872222"
"02/24/2016","490353006","5","9.2","ug/m3 LC","38","1","100.0000","88101","PM2.5 - Local Conditions","41620","Salt Lake City, UT","49","Utah","035","Salt Lake","40.736389","-111.872222"
"02/25/2016","490353006","5","9.9","ug/m3 LC","41","1","100.0000","88101","PM2.5 - Local Conditions","41620","Salt Lake City, UT","49","Utah","035","Salt Lake","40.736389","-111.872222"
"02/26/2016","490353006","5","8.1","ug/m3 LC","34","1","100.0000","88101","PM2.5 - Local Conditions","41620","Salt Lake City, UT","49","Utah","035","Salt Lake","40.736389","-111.872222"
"02/27/2016","490353006","5","5.6","ug/m3 LC","23","1","100.0000","88101","PM2.5 - Local Conditions","41620","Salt Lake City, UT","49","Utah","035","Salt Lake","40.736389","-111.872222"
"02/28/2016","490353006","5","2.4","ug/m3 LC","10","1","100.0000","88101","PM2.5 - Local Conditions","41620","Salt Lake City, UT","49","Utah","035","Salt Lake","40.736389","-111.872222"
"02/29/2016","490353006","5","3.9","ug/m3 LC","16","1","100.0000","88101","PM2.5 - Local Conditions","41620","Salt Lake City, UT","49","Utah","035","Salt Lake","40.736389","-111.872222"
"03/01/2016","490353006","5","3.5","ug/m3 LC","15","1","100.0000","88101","PM2.5 - Local Conditions","41620","Salt Lake City, UT","49","Utah","035","Salt Lake","40.736389","-111.872222"
"03/02/2016","490353006","5","2.5","ug/m3 LC","10","1","100.0000","88101","PM2.5 - Local Conditions","41620","Salt Lake City, UT","49","Utah","035","Salt Lake","40.736389","-111.872222"
"03/03/2016","490353006","5","4.9","ug/m3 LC","20","1","100.0000","88101","PM2.5 - Local Conditions","41620","Salt Lake City, UT","49","Utah","035","Salt Lake","40.736389","-111.872222"
"03/04/2016","490353006","5","7.6","ug/m3 LC","32","1","100.0000","88101","PM2.5 - Local Conditions","41620","Salt Lake City, UT","49","Utah","035","Salt Lake","40.736389","-111.872222"
"03/05/2016","490353006","5","4.5","ug/m3 LC","19","1","100.0000","88101","PM2.5 - Local Conditions","41620","Salt Lake City, UT","49","Utah","035","Salt Lake","40.736389","-111.872222"
"03/06/2016","490353006","5","2.8","ug/m3 LC","12","1","100.0000","88101","PM2.5 - Local Conditions","41620","Salt Lake City, UT","49","Utah","035","Salt Lake","40.736389","-111.872222"
"03/07/2016","490353006","5","6.3","ug/m3 LC","26","1","100.0000","88101","PM2.5 - Local Conditions","41620","Salt Lake City, UT","49","Utah","035","Salt Lake","40.736389","-111.872222"
"03/08/2016","490353006","5","4.3","ug/m3 LC","18","1","100.0000","88101","PM2.5 - Local Conditions","41620","Salt Lake City, UT","49","Utah","035","Salt Lake","40.736389","-111.872222"
"03/09/2016","490353006","5","3.2","ug/m3 LC","13","1","100.0000","88101","PM2.5 - Local Conditions","41620","Salt Lake City, UT","49","Utah","035","Salt Lake","40.736389","-111.872222"
"03/10/2016","490353006","5","3.4","ug/m3 LC","14","1","100.0000","88101","PM2.5 - Local Conditions","41620","Salt Lake City, UT","49","Utah","035","Salt Lake","40.736389","-111.872222"
"03/11/2016","490353006","5","2.2","ug/m3 LC","9","1","100.0000","88101","PM2.5 - Local Conditions","41620","Salt Lake City, UT","49","Utah","035","Salt Lake","40.736389","-111.872222"
"03/12/2016","490353006","5","3.8","ug/m3 LC","16","1","100.0000","88101","PM2.5 - Local Conditions","41620","Salt Lake City, UT","49","Utah","035","Salt Lake","40.736389","-111.872222"
"03/13/2016","490353006","5","2.7","ug/m3 LC","11","1","100.0000","88101","PM2.5 - Local Conditions","41620","Salt Lake City, UT","49","Utah","035","Salt Lake","40.736389","-111.872222"
"03/14/2016","490353006","5","2.1","ug/m3 LC","9","1","100.0000","88101","PM2.5 - Local Conditions","41620","Salt Lake City, UT","49","Utah","035","Salt Lake","40.736389","-111.872222"
"03/15/2016","490353006","5","3.8","ug/m3 LC","16","1","100.0000","88101","PM2.5 - Local Conditions","41620","Salt Lake City, UT","49","Utah","035","Salt Lake","40.736389","-111.872222"
"03/16/2016","490353006","5","2.9","ug/m3 LC","12","1","100.0000","88101","PM2.5 - Local Conditions","41620","Salt Lake City, UT","49","Utah","035","Salt Lake","40.736389","-111.872222"
"03/17/2016","490353006","5","4.6","ug/m3 LC","19","1","100.0000","88101","PM2.5 - Local Conditions","41620","Salt Lake City, UT","49","Utah","035","Salt Lake","40.736389","-111.872222"
"03/18/2016","490353006","5","3","ug/m3 LC","13","1","100.0000","88101","PM2.5 - Local Conditions","41620","Salt Lake City, UT","49","Utah","035","Salt Lake","40.736389","-111.872222"
"03/19/2016","490353006","5","5.8","ug/m3 LC","24","1","100.0000","88101","PM2.5 - Local Conditions","41620","Salt Lake City, UT","49","Utah","035","Salt Lake","40.736389","-111.872222"
"03/20/2016","490353006","5","7.3","ug/m3 LC","30","1","100.0000","88101","PM2.5 - Local Conditions","41620","Salt Lake City, UT","49","Utah","035","Salt Lake","40.736389","-111.872222"
"03/21/2016","490353006","5","5.2","ug/m3 LC","22","1","100.0000","88101","PM2.5 - Local Conditions","41620","Salt Lake City, UT","49","Utah","035","Salt Lake","40.736389","-111.872222"
"03/22/2016","490353006","5","4.6","ug/m3 LC","19","1","100.0000","88101","PM2.5 - Local Conditions","41620","Salt Lake City, UT","49","Utah","035","Salt Lake","40.736389","-111.872222"
"03/23/2016","490353006","5","1.4","ug/m3 LC","6","1","100.0000","88101","PM2.5 - Local Conditions","41620","Salt Lake City, UT","49","Utah","035","Salt Lake","40.736389","-111.872222"
"03/24/2016","490353006","5","3.2","ug/m3 LC","13","1","100.0000","88101","PM2.5 - Local Conditions","41620","Salt Lake City, UT","49","Utah","035","Salt Lake","40.736389","-111.872222"
"03/25/2016","490353006","5","2.3","ug/m3 LC","10","1","100.0000","88101","PM2.5 - Local Conditions","41620","Salt Lake City, UT","49","Utah","035","Salt Lake","40.736389","-111.872222"
"03/26/2016","490353006","5","3.4","ug/m3 LC","14","1","100.0000","88101","PM2.5 - Local Conditions","41620","Salt Lake City, UT","49","Utah","035","Salt Lake","40.736389","-111.872222"
"03/27/2016","490353006","5","2.5","ug/m3 LC","10","1","100.0000","88101","PM2.5 - Local Conditions","41620","Salt Lake City, UT","49","Utah","035","Salt Lake","40.736389","-111.872222"
"03/28/2016","490353006","5","5.1","ug/m3 LC","21","1","100.0000","88101","PM2.5 - Local Conditions","41620","Salt Lake City, UT","49","Utah","035","Salt Lake","40.736389","-111.872222"
"03/29/2016","490353006","5","2.1","ug/m3 LC","9","1","100.0000","88101","PM2.5 - Local Conditions","41620","Salt Lake City, UT","49","Utah","035","Salt Lake","40.736389","-111.872222"
"03/30/2016","490353006","5","3.3","ug/m3 LC","14","1","100.0000","88101","PM2.5 - Local Conditions","41620","Salt Lake City, UT","49","Utah","035","Salt Lake","40.736389","-111.872222"
"03/31/2016","490353006","5","5.7","ug/m3 LC","24","1","100.0000","88101","PM2.5 - Local Conditions","41620","Salt Lake City, UT","49","Utah","035","Salt Lake","40.736389","-111.872222"
"04/01/2016","490353006","5","5.6","ug/m3 LC","23","1","100.0000","88101","PM2.5 - Local Conditions","41620","Salt Lake City, UT","49","Utah","035","Salt Lake","40.736389","-111.872222"
"04/02/2016","490353006","5","6.5","ug/m3 LC","27","1","100.0000","88101","PM2.5 - Local Conditions","41620","Salt Lake City, UT","49","Utah","035","Salt Lake","40.736389","-111.872222"
"04/03/2016","490353006","5","3.1","ug/m3 LC","13","1","100.0000","88101","PM2.5 - Local Conditions","41620","Salt Lake City, UT","49","Utah","035","Salt Lake","40.736389","-111.872222"
"04/04/2016","490353006","5","3.6","ug/m3 LC","15","1","100.0000","88101","PM2.5 - Local Conditions","41620","Salt Lake City, UT","49","Utah","035","Salt Lake","40.736389","-111.872222"
"04/05/2016","490353006","5","3","ug/m3 LC","13","1","100.0000","88101","PM2.5 - Local Conditions","41620","Salt Lake City, UT","49","Utah","035","Salt Lake","40.736389","-111.872222"
"04/06/2016","490353006","5","3","ug/m3 LC","13","1","100.0000","88101","PM2.5 - Local Conditions","41620","Salt Lake City, UT","49","Utah","035","Salt Lake","40.736389","-111.872222"
"04/07/2016","490353006","5","4.8","ug/m3 LC","20","1","100.0000","88101","PM2.5 - Local Conditions","41620","Salt Lake City, UT","49","Utah","035","Salt Lake","40.736389","-111.872222"
"04/08/2016","490353006","5","3.9","ug/m3 LC","16","1","100.0000","88101","PM2.5 - Local Conditions","41620","Salt Lake City, UT","49","Utah","035","Salt Lake","40.736389","-111.872222"
"04/09/2016","490353006","5","2.4","ug/m3 LC","10","1","100.0000","88101","PM2.5 - Local Conditions","41620","Salt Lake City, UT","49","Utah","035","Salt Lake","40.736389","-111.872222"
"04/10/2016","490353006","5","1.3","ug/m3 LC","5","1","100.0000","88101","PM2.5 - Local Conditions","41620","Salt Lake City, UT","49","Utah","035","Salt Lake","40.736389","-111.872222"
"04/11/2016","490353006","5","1.6","ug/m3 LC","7","1","100.0000","88101","PM2.5 - Local Conditions","41620","Salt Lake City, UT","49","Utah","035","Salt Lake","40.736389","-111.872222"
"04/12/2016","490353006","5","3.3","ug/m3 LC","14","1","100.0000","88101","PM2.5 - Local Conditions","41620","Salt Lake City, UT","49","Utah","035","Salt Lake","40.736389","-111.872222"
"04/13/2016","490353006","5","3.6","ug/m3 LC","15","1","100.0000","88101","PM2.5 - Local Conditions","41620","Salt Lake City, UT","49","Utah","035","Salt Lake","40.736389","-111.872222"
"04/14/2016","490353006","5","4.1","ug/m3 LC","17","1","100.0000","88101","PM2.5 - Local Conditions","41620","Salt Lake City, UT","49","Utah","035","Salt Lake","40.736389","-111.872222"
"04/15/2016","490353006","5","2.8","ug/m3 LC","12","1","100.0000","88101","PM2.5 - Local Conditions","41620","Salt Lake City, UT","49","Utah","035","Salt Lake","40.736389","-111.872222"
"04/16/2016","490353006","5","0.8","ug/m3 LC","3","1","100.0000","88101","PM2.5 - Local Conditions","41620","Salt Lake City, UT","49","Utah","035","Salt Lake","40.736389","-111.872222"
"04/17/2016","490353006","5","1.4","ug/m3 LC","6","1","100.0000","88101","PM2.5 - Local Conditions","41620","Salt Lake City, UT","49","Utah","035","Salt Lake","40.736389","-111.872222"
"04/18/2016","490353006","5","1.7","ug/m3 LC","7","1","100.0000","88101","PM2.5 - Local Conditions","41620","Salt Lake City, UT","49","Utah","035","Salt Lake","40.736389","-111.872222"
"04/19/2016","490353006","5","3.5","ug/m3 LC","15","1","100.0000","88101","PM2.5 - Local Conditions","41620","Salt Lake City, UT","49","Utah","035","Salt Lake","40.736389","-111.872222"
"04/20/2016","490353006","5","4","ug/m3 LC","17","1","100.0000","88101","PM2.5 - Local Conditions","41620","Salt Lake City, UT","49","Utah","035","Salt Lake","40.736389","-111.872222"
"04/21/2016","490353006","5","4","ug/m3 LC","17","1","100.0000","88101","PM2.5 - Local Conditions","41620","Salt Lake City, UT","49","Utah","035","Salt Lake","40.736389","-111.872222"
"04/22/2016","490353006","5","6.1","ug/m3 LC","25","1","100.0000","88101","PM2.5 - Local Conditions","41620","Salt Lake City, UT","49","Utah","035","Salt Lake","40.736389","-111.872222"
"04/23/2016","490353006","5","3.5","ug/m3 LC","15","1","100.0000","88101","PM2.5 - Local Conditions","41620","Salt Lake City, UT","49","Utah","035","Salt Lake","40.736389","-111.872222"
"04/24/2016","490353006","5","2.2","ug/m3 LC","9","1","100.0000","88101","PM2.5 - Local Conditions","41620","Salt Lake City, UT","49","Utah","035","Salt Lake","40.736389","-111.872222"
"04/25/2016","490353006","5","2.8","ug/m3 LC","12","1","100.0000","88101","PM2.5 - Local Conditions","41620","Salt Lake City, UT","49","Utah","035","Salt Lake","40.736389","-111.872222"
"04/26/2016","490353006","5","3.6","ug/m3 LC","15","1","100.0000","88101","PM2.5 - Local Conditions","41620","Salt Lake City, UT","49","Utah","035","Salt Lake","40.736389","-111.872222"
"04/27/2016","490353006","5","3.5","ug/m3 LC","15","1","100.0000","88101","PM2.5 - Local Conditions","41620","Salt Lake City, UT","49","Utah","035","Salt Lake","40.736389","-111.872222"
"04/28/2016","490353006","5","1","ug/m3 LC","4","1","100.0000","88101","PM2.5 - Local Conditions","41620","Salt Lake City, UT","49","Utah","035","Salt Lake","40.736389","-111.872222"
"04/29/2016","490353006","5","2.3","ug/m3 LC","10","1","100.0000","88101","PM2.5 - Local Conditions","41620","Salt Lake City, UT","49","Utah","035","Salt Lake","40.736389","-111.872222"
"04/30/2016","490353006","5","2.4","ug/m3 LC","10","1","100.0000","88101","PM2.5 - Local Conditions","41620","Salt Lake City, UT","49","Utah","035","Salt Lake","40.736389","-111.872222"
"05/01/2016","490353006","5","1.5","ug/m3 LC","6","1","100.0000","88101","PM2.5 - Local Conditions","41620","Salt Lake City, UT","49","Utah","035","Salt Lake","40.736389","-111.872222"
"05/02/2016","490353006","5","2.5","ug/m3 LC","10","1","100.0000","88101","PM2.5 - Local Conditions","41620","Salt Lake City, UT","49","Utah","035","Salt Lake","40.736389","-111.872222"
"05/03/2016","490353006","5","3.9","ug/m3 LC","16","1","100.0000","88101","PM2.5 - Local Conditions","41620","Salt Lake City, UT","49","Utah","035","Salt Lake","40.736389","-111.872222"
"05/04/2016","490353006","5","3.8","ug/m3 LC","16","1","100.0000","88101","PM2.5 - Local Conditions","41620","Salt Lake City, UT","49","Utah","035","Salt Lake","40.736389","-111.872222"
"05/05/2016","490353006","5","4.9","ug/m3 LC","20","1","100.0000","88101","PM2.5 - Local Conditions","41620","Salt Lake City, UT","49","Utah","035","Salt Lake","40.736389","-111.872222"
"05/06/2016","490353006","5","3.5","ug/m3 LC","15","1","100.0000","88101","PM2.5 - Local Conditions","41620","Salt Lake City, UT","49","Utah","035","Salt Lake","40.736389","-111.872222"
"05/07/2016","490353006","5","5.2","ug/m3 LC","22","1","100.0000","88101","PM2.5 - Local Conditions","41620","Salt Lake City, UT","49","Utah","035","Salt Lake","40.736389","-111.872222"
"05/08/2016","490353006","5","3.4","ug/m3 LC","14","1","100.0000","88101","PM2.5 - Local Conditions","41620","Salt Lake City, UT","49","Utah","035","Salt Lake","40.736389","-111.872222"
"05/09/2016","490353006","5","3.5","ug/m3 LC","15","1","100.0000","88101","PM2.5 - Local Conditions","41620","Salt Lake City, UT","49","Utah","035","Salt Lake","40.736389","-111.872222"
"05/10/2016","490353006","5","2.8","ug/m3 LC","12","1","100.0000","88101","PM2.5 - Local Conditions","41620","Salt Lake City, UT","49","Utah","035","Salt Lake","40.736389","-111.872222"
"05/11/2016","490353006","5","2.4","ug/m3 LC","10","1","100.0000","88101","PM2.5 - Local Conditions","41620","Salt Lake City, UT","49","Utah","035","Salt Lake","40.736389","-111.872222"
"05/12/2016","490353006","5","3.5","ug/m3 LC","15","1","100.0000","88101","PM2.5 - Local Conditions","41620","Salt Lake City, UT","49","Utah","035","Salt Lake","40.736389","-111.872222"
"05/13/2016","490353006","5","3.3","ug/m3 LC","14","1","100.0000","88101","PM2.5 - Local Conditions","41620","Salt Lake City, UT","49","Utah","035","Salt Lake","40.736389","-111.872222"
"05/14/2016","490353006","5","3.8","ug/m3 LC","16","1","100.0000","88101","PM2.5 - Local Conditions","41620","Salt Lake City, UT","49","Utah","035","Salt Lake","40.736389","-111.872222"
"05/15/2016","490353006","5","3.8","ug/m3 LC","16","1","100.0000","88101","PM2.5 - Local Conditions","41620","Salt Lake City, UT","49","Utah","035","Salt Lake","40.736389","-111.872222"
"05/16/2016","490353006","5","2.7","ug/m3 LC","11","1","100.0000","88101","PM2.5 - Local Conditions","41620","Salt Lake City, UT","49","Utah","035","Salt Lake","40.736389","-111.872222"
"05/17/2016","490353006","5","1.8","ug/m3 LC","8","1","100.0000","88101","PM2.5 - Local Conditions","41620","Salt Lake City, UT","49","Utah","035","Salt Lake","40.736389","-111.872222"
"05/18/2016","490353006","5","2.4","ug/m3 LC","10","1","100.0000","88101","PM2.5 - Local Conditions","41620","Salt Lake City, UT","49","Utah","035","Salt Lake","40.736389","-111.872222"
"05/19/2016","490353006","5","3.4","ug/m3 LC","14","1","100.0000","88101","PM2.5 - Local Conditions","41620","Salt Lake City, UT","49","Utah","035","Salt Lake","40.736389","-111.872222"
"05/20/2016","490353006","5","4.1","ug/m3 LC","17","1","100.0000","88101","PM2.5 - Local Conditions","41620","Salt Lake City, UT","49","Utah","035","Salt Lake","40.736389","-111.872222"
"05/21/2016","490353006","5","5.2","ug/m3 LC","22","1","100.0000","88101","PM2.5 - Local Conditions","41620","Salt Lake City, UT","49","Utah","035","Salt Lake","40.736389","-111.872222"
"05/22/2016","490353006","5","3.7","ug/m3 LC","15","1","100.0000","88101","PM2.5 - Local Conditions","41620","Salt Lake City, UT","49","Utah","035","Salt Lake","40.736389","-111.872222"
"05/23/2016","490353006","5","3","ug/m3 LC","13","1","100.0000","88101","PM2.5 - Local Conditions","41620","Salt Lake City, UT","49","Utah","035","Salt Lake","40.736389","-111.872222"
"05/24/2016","490353006","5","4.4","ug/m3 LC","18","1","100.0000","88101","PM2.5 - Local Conditions","41620","Salt Lake City, UT","49","Utah","035","Salt Lake","40.736389","-111.872222"
"05/25/2016","490353006","5","3.9","ug/m3 LC","16","1","100.0000","88101","PM2.5 - Local Conditions","41620","Salt Lake City, UT","49","Utah","035","Salt Lake","40.736389","-111.872222"
"05/26/2016","490353006","5","3","ug/m3 LC","13","1","100.0000","88101","PM2.5 - Local Conditions","41620","Salt Lake City, UT","49","Utah","035","Salt Lake","40.736389","-111.872222"
"05/27/2016","490353006","5","3.9","ug/m3 LC","16","1","100.0000","88101","PM2.5 - Local Conditions","41620","Salt Lake City, UT","49","Utah","035","Salt Lake","40.736389","-111.872222"
"05/28/2016","490353006","5","4.3","ug/m3 LC","18","1","100.0000","88101","PM2.5 - Local Conditions","41620","Salt Lake City, UT","49","Utah","035","Salt Lake","40.736389","-111.872222"
"05/29/2016","490353006","5","4.4","ug/m3 LC","18","1","100.0000","88101","PM2.5 - Local Conditions","41620","Salt Lake City, UT","49","Utah","035","Salt Lake","40.736389","-111.872222"
"05/30/2016","490353006","5","4.8","ug/m3 LC","20","1","100.0000","88101","PM2.5 - Local Conditions","41620","Salt Lake City, UT","49","Utah","035","Salt Lake","40.736389","-111.872222"
"05/31/2016","490353006","5","4.4","ug/m3 LC","18","1","100.0000","88101","PM2.5 - Local Conditions","41620","Salt Lake City, UT","49","Utah","035","Salt Lake","40.736389","-111.872222"
"06/01/2016","490353006","5","5.2","ug/m3 LC","22","1","100.0000","88101","PM2.5 - Local Conditions","41620","Salt Lake City, UT","49","Utah","035","Salt Lake","40.736389","-111.872222"
"06/02/2016","490353006","5","5.6","ug/m3 LC","23","1","100.0000","88101","PM2.5 - Local Conditions","41620","Salt Lake City, UT","49","Utah","035","Salt Lake","40.736389","-111.872222"
"06/03/2016","490353006","5","4.7","ug/m3 LC","20","1","100.0000","88101","PM2.5 - Local Conditions","41620","Salt Lake City, UT","49","Utah","035","Salt Lake","40.736389","-111.872222"
"06/04/2016","490353006","5","4.2","ug/m3 LC","18","1","100.0000","88101","PM2.5 - Local Conditions","41620","Salt Lake City, UT","49","Utah","035","Salt Lake","40.736389","-111.872222"
"06/05/2016","490353006","5","5.5","ug/m3 LC","23","1","100.0000","88101","PM2.5 - Local Conditions","41620","Salt Lake City, UT","49","Utah","035","Salt Lake","40.736389","-111.872222"
"06/06/2016","490353006","5","5.7","ug/m3 LC","24","1","100.0000","88101","PM2.5 - Local Conditions","41620","Salt Lake City, UT","49","Utah","035","Salt Lake","40.736389","-111.872222"
"06/07/2016","490353006","5","5.4","ug/m3 LC","23","1","100.0000","88101","PM2.5 - Local Conditions","41620","Salt Lake City, UT","49","Utah","035","Salt Lake","40.736389","-111.872222"
"06/08/2016","490353006","5","5.5","ug/m3 LC","23","1","100.0000","88101","PM2.5 - Local Conditions","41620","Salt Lake City, UT","49","Utah","035","Salt Lake","40.736389","-111.872222"
"06/09/2016","490353006","5","5.7","ug/m3 LC","24","1","100.0000","88101","PM2.5 - Local Conditions","41620","Salt Lake City, UT","49","Utah","035","Salt Lake","40.736389","-111.872222"
"06/10/2016","490353006","5","5.4","ug/m3 LC","23","1","100.0000","88101","PM2.5 - Local Conditions","41620","Salt Lake City, UT","49","Utah","035","Salt Lake","40.736389","-111.872222"
"06/11/2016","490353006","5","6.9","ug/m3 LC","29","1","100.0000","88101","PM2.5 - Local Conditions","41620","Salt Lake City, UT","49","Utah","035","Salt Lake","40.736389","-111.872222"
"06/12/2016","490353006","5","7.9","ug/m3 LC","33","1","100.0000","88101","PM2.5 - Local Conditions","41620","Salt Lake City, UT","49","Utah","035","Salt Lake","40.736389","-111.872222"
"06/13/2016","490353006","5","5.4","ug/m3 LC","23","1","100.0000","88101","PM2.5 - Local Conditions","41620","Salt Lake City, UT","49","Utah","035","Salt Lake","40.736389","-111.872222"
"06/14/2016","490353006","5","4.2","ug/m3 LC","18","1","100.0000","88101","PM2.5 - Local Conditions","41620","Salt Lake City, UT","49","Utah","035","Salt Lake","40.736389","-111.872222"
"06/15/2016","490353006","5","5.8","ug/m3 LC","24","1","100.0000","88101","PM2.5 - Local Conditions","41620","Salt Lake City, UT","49","Utah","035","Salt Lake","40.736389","-111.872222"
"06/16/2016","490353006","5","4.7","ug/m3 LC","20","1","100.0000","88101","PM2.5 - Local Conditions","41620","Salt Lake City, UT","49","Utah","035","Salt Lake","40.736389","-111.872222"
"06/17/2016","490353006","5","5.1","ug/m3 LC","21","1","100.0000","88101","PM2.5 - Local Conditions","41620","Salt Lake City, UT","49","Utah","035","Salt Lake","40.736389","-111.872222"
"06/18/2016","490353006","5","3.2","ug/m3 LC","13","1","100.0000","88101","PM2.5 - Local Conditions","41620","Salt Lake City, UT","49","Utah","035","Salt Lake","40.736389","-111.872222"
"06/19/2016","490353006","5","5.5","ug/m3 LC","23","1","100.0000","88101","PM2.5 - Local Conditions","41620","Salt Lake City, UT","49","Utah","035","Salt Lake","40.736389","-111.872222"
"06/20/2016","490353006","5","5.7","ug/m3 LC","24","1","100.0000","88101","PM2.5 - Local Conditions","41620","Salt Lake City, UT","49","Utah","035","Salt Lake","40.736389","-111.872222"
"06/21/2016","490353006","5","4.3","ug/m3 LC","18","1","100.0000","88101","PM2.5 - Local Conditions","41620","Salt Lake City, UT","49","Utah","035","Salt Lake","40.736389","-111.872222"
"06/22/2016","490353006","5","6.4","ug/m3 LC","27","1","100.0000","88101","PM2.5 - Local Conditions","41620","Salt Lake City, UT","49","Utah","035","Salt Lake","40.736389","-111.872222"
"06/23/2016","490353006","5","5.9","ug/m3 LC","25","1","100.0000","88101","PM2.5 - Local Conditions","41620","Salt Lake City, UT","49","Utah","035","Salt Lake","40.736389","-111.872222"
"06/24/2016","490353006","5","3.5","ug/m3 LC","15","1","100.0000","88101","PM2.5 - Local Conditions","41620","Salt Lake City, UT","49","Utah","035","Salt Lake","40.736389","-111.872222"
"06/25/2016","490353006","5","3.6","ug/m3 LC","15","1","100.0000","88101","PM2.5 - Local Conditions","41620","Salt Lake City, UT","49","Utah","035","Salt Lake","40.736389","-111.872222"
"06/26/2016","490353006","5","4","ug/m3 LC","17","1","100.0000","88101","PM2.5 - Local Conditions","41620","Salt Lake City, UT","49","Utah","035","Salt Lake","40.736389","-111.872222"
"06/27/2016","490353006","5","7.3","ug/m3 LC","30","1","100.0000","88101","PM2.5 - Local Conditions","41620","Salt Lake City, UT","49","Utah","035","Salt Lake","40.736389","-111.872222"
"06/28/2016","490353006","5","7.3","ug/m3 LC","30","1","100.0000","88101","PM2.5 - Local Conditions","41620","Salt Lake City, UT","49","Utah","035","Salt Lake","40.736389","-111.872222"
"06/29/2016","490353006","5","5.2","ug/m3 LC","22","1","100.0000","88101","PM2.5 - Local Conditions","41620","Salt Lake City, UT","49","Utah","035","Salt Lake","40.736389","-111.872222"
"06/30/2016","490353006","5","4.4","ug/m3 LC","18","1","100.0000","88101","PM2.5 - Local Conditions","41620","Salt Lake City, UT","49","Utah","035","Salt Lake","40.736389","-111.872222"
"07/01/2016","490353006","5","5.5","ug/m3 LC","23","1","100.0000","88101","PM2.5 - Local Conditions","41620","Salt Lake City, UT","49","Utah","035","Salt Lake","40.736389","-111.872222"
"07/02/2016","490353006","5","5.6","ug/m3 LC","23","1","100.0000","88101","PM2.5 - Local Conditions","41620","Salt Lake City, UT","49","Utah","035","Salt Lake","40.736389","-111.872222"
"07/03/2016","490353006","5","5.1","ug/m3 LC","21","1","100.0000","88101","PM2.5 - Local Conditions","41620","Salt Lake City, UT","49","Utah","035","Salt Lake","40.736389","-111.872222"
"07/04/2016","490353006","5","32.7","ug/m3 LC","94","1","100.0000","88101","PM2.5 - Local Conditions","41620","Salt Lake City, UT","49","Utah","035","Salt Lake","40.736389","-111.872222"
"07/05/2016","490353006","5","7.6","ug/m3 LC","32","1","100.0000","88101","PM2.5 - Local Conditions","41620","Salt Lake City, UT","49","Utah","035","Salt Lake","40.736389","-111.872222"
"07/06/2016","490353006","5","5.6","ug/m3 LC","23","1","100.0000","88101","PM2.5 - Local Conditions","41620","Salt Lake City, UT","49","Utah","035","Salt Lake","40.736389","-111.872222"
"07/07/2016","490353006","5","5.9","ug/m3 LC","25","1","100.0000","88101","PM2.5 - Local Conditions","41620","Salt Lake City, UT","49","Utah","035","Salt Lake","40.736389","-111.872222"
"07/08/2016","490353006","5","4.4","ug/m3 LC","18","1","100.0000","88101","PM2.5 - Local Conditions","41620","Salt Lake City, UT","49","Utah","035","Salt Lake","40.736389","-111.872222"
"07/09/2016","490353006","5","3.6","ug/m3 LC","15","1","100.0000","88101","PM2.5 - Local Conditions","41620","Salt Lake City, UT","49","Utah","035","Salt Lake","40.736389","-111.872222"
"07/10/2016","490353006","5","4.4","ug/m3 LC","18","1","100.0000","88101","PM2.5 - Local Conditions","41620","Salt Lake City, UT","49","Utah","035","Salt Lake","40.736389","-111.872222"
"07/11/2016","490353006","5","2.6","ug/m3 LC","11","1","100.0000","88101","PM2.5 - Local Conditions","41620","Salt Lake City, UT","49","Utah","035","Salt Lake","40.736389","-111.872222"
"07/12/2016","490353006","5","4.2","ug/m3 LC","18","1","100.0000","88101","PM2.5 - Local Conditions","41620","Salt Lake City, UT","49","Utah","035","Salt Lake","40.736389","-111.872222"
"07/13/2016","490353006","5","3","ug/m3 LC","13","1","100.0000","88101","PM2.5 - Local Conditions","41620","Salt Lake City, UT","49","Utah","035","Salt Lake","40.736389","-111.872222"
"07/14/2016","490353006","5","4.5","ug/m3 LC","19","1","100.0000","88101","PM2.5 - Local Conditions","41620","Salt Lake City, UT","49","Utah","035","Salt Lake","40.736389","-111.872222"
"07/15/2016","490353006","5","4.2","ug/m3 LC","18","1","100.0000","88101","PM2.5 - Local Conditions","41620","Salt Lake City, UT","49","Utah","035","Salt Lake","40.736389","-111.872222"
"07/16/2016","490353006","5","4.2","ug/m3 LC","18","1","100.0000","88101","PM2.5 - Local Conditions","41620","Salt Lake City, UT","49","Utah","035","Salt Lake","40.736389","-111.872222"
"07/17/2016","490353006","5","4.8","ug/m3 LC","20","1","100.0000","88101","PM2.5 - Local Conditions","41620","Salt Lake City, UT","49","Utah","035","Salt Lake","40.736389","-111.872222"
"07/18/2016","490353006","5","5.4","ug/m3 LC","23","1","100.0000","88101","PM2.5 - Local Conditions","41620","Salt Lake City, UT","49","Utah","035","Salt Lake","40.736389","-111.872222"
"07/19/2016","490353006","5","4.6","ug/m3 LC","19","1","100.0000","88101","PM2.5 - Local Conditions","41620","Salt Lake City, UT","49","Utah","035","Salt Lake","40.736389","-111.872222"
"07/20/2016","490353006","5","4.1","ug/m3 LC","17","1","100.0000","88101","PM2.5 - Local Conditions","41620","Salt Lake City, UT","49","Utah","035","Salt Lake","40.736389","-111.872222"
"07/21/2016","490353006","5","4","ug/m3 LC","17","1","100.0000","88101","PM2.5 - Local Conditions","41620","Salt Lake City, UT","49","Utah","035","Salt Lake","40.736389","-111.872222"
"07/22/2016","490353006","5","4.8","ug/m3 LC","20","1","100.0000","88101","PM2.5 - Local Conditions","41620","Salt Lake City, UT","49","Utah","035","Salt Lake","40.736389","-111.872222"
"07/23/2016","490353006","5","8.9","ug/m3 LC","37","1","100.0000","88101","PM2.5 - Local Conditions","41620","Salt Lake City, UT","49","Utah","035","Salt Lake","40.736389","-111.872222"
"07/24/2016","490353006","5","8.9","ug/m3 LC","37","1","100.0000","88101","PM2.5 - Local Conditions","41620","Salt Lake City, UT","49","Utah","035","Salt Lake","40.736389","-111.872222"
"07/25/2016","490353006","5","12","ug/m3 LC","50","1","100.0000","88101","PM2.5 - Local Conditions","41620","Salt Lake City, UT","49","Utah","035","Salt Lake","40.736389","-111.872222"
"07/26/2016","490353006","5","8","ug/m3 LC","33","1","100.0000","88101","PM2.5 - Local Conditions","41620","Salt Lake City, UT","49","Utah","035","Salt Lake","40.736389","-111.872222"
"07/27/2016","490353006","5","6.2","ug/m3 LC","26","1","100.0000","88101","PM2.5 - Local Conditions","41620","Salt Lake City, UT","49","Utah","035","Salt Lake","40.736389","-111.872222"
"07/28/2016","490353006","5","7.8","ug/m3 LC","33","1","100.0000","88101","PM2.5 - Local Conditions","41620","Salt Lake City, UT","49","Utah","035","Salt Lake","40.736389","-111.872222"
"07/29/2016","490353006","5","8.2","ug/m3 LC","34","1","100.0000","88101","PM2.5 - Local Conditions","41620","Salt Lake City, UT","49","Utah","035","Salt Lake","40.736389","-111.872222"
"07/30/2016","490353006","5","7.4","ug/m3 LC","31","1","100.0000","88101","PM2.5 - Local Conditions","41620","Salt Lake City, UT","49","Utah","035","Salt Lake","40.736389","-111.872222"
"07/31/2016","490353006","5","6.9","ug/m3 LC","29","1","100.0000","88101","PM2.5 - Local Conditions","41620","Salt Lake City, UT","49","Utah","035","Salt Lake","40.736389","-111.872222"
"08/01/2016","490353006","5","9.7","ug/m3 LC","40","1","100.0000","88101","PM2.5 - Local Conditions","41620","Salt Lake City, UT","49","Utah","035","Salt Lake","40.736389","-111.872222"
"08/02/2016","490353006","5","8.4","ug/m3 LC","35","1","100.0000","88101","PM2.5 - Local Conditions","41620","Salt Lake City, UT","49","Utah","035","Salt Lake","40.736389","-111.872222"
"08/03/2016","490353006","5","7.6","ug/m3 LC","32","1","100.0000","88101","PM2.5 - Local Conditions","41620","Salt Lake City, UT","49","Utah","035","Salt Lake","40.736389","-111.872222"
"08/04/2016","490353006","5","19.1","ug/m3 LC","66","1","100.0000","88101","PM2.5 - Local Conditions","41620","Salt Lake City, UT","49","Utah","035","Salt Lake","40.736389","-111.872222"
"08/05/2016","490353006","5","10","ug/m3 LC","42","1","100.0000","88101","PM2.5 - Local Conditions","41620","Salt Lake City, UT","49","Utah","035","Salt Lake","40.736389","-111.872222"
"08/06/2016","490353006","5","6.2","ug/m3 LC","26","1","100.0000","88101","PM2.5 - Local Conditions","41620","Salt Lake City, UT","49","Utah","035","Salt Lake","40.736389","-111.872222"
"08/07/2016","490353006","5","4.7","ug/m3 LC","20","1","100.0000","88101","PM2.5 - Local Conditions","41620","Salt Lake City, UT","49","Utah","035","Salt Lake","40.736389","-111.872222"
"08/08/2016","490353006","5","5.2","ug/m3 LC","22","1","100.0000","88101","PM2.5 - Local Conditions","41620","Salt Lake City, UT","49","Utah","035","Salt Lake","40.736389","-111.872222"
"08/09/2016","490353006","5","5.9","ug/m3 LC","25","1","100.0000","88101","PM2.5 - Local Conditions","41620","Salt Lake City, UT","49","Utah","035","Salt Lake","40.736389","-111.872222"
"08/10/2016","490353006","5","7.3","ug/m3 LC","30","1","100.0000","88101","PM2.5 - Local Conditions","41620","Salt Lake City, UT","49","Utah","035","Salt Lake","40.736389","-111.872222"
"08/11/2016","490353006","5","5","ug/m3 LC","21","1","100.0000","88101","PM2.5 - Local Conditions","41620","Salt Lake City, UT","49","Utah","035","Salt Lake","40.736389","-111.872222"
"08/12/2016","490353006","5","4.4","ug/m3 LC","18","1","100.0000","88101","PM2.5 - Local Conditions","41620","Salt Lake City, UT","49","Utah","035","Salt Lake","40.736389","-111.872222"
"08/13/2016","490353006","5","7.3","ug/m3 LC","30","1","100.0000","88101","PM2.5 - Local Conditions","41620","Salt Lake City, UT","49","Utah","035","Salt Lake","40.736389","-111.872222"
"08/14/2016","490353006","5","7.1","ug/m3 LC","30","1","100.0000","88101","PM2.5 - Local Conditions","41620","Salt Lake City, UT","49","Utah","035","Salt Lake","40.736389","-111.872222"
"08/15/2016","490353006","5","5.2","ug/m3 LC","22","1","100.0000","88101","PM2.5 - Local Conditions","41620","Salt Lake City, UT","49","Utah","035","Salt Lake","40.736389","-111.872222"
"08/16/2016","490353006","5","4.3","ug/m3 LC","18","1","100.0000","88101","PM2.5 - Local Conditions","41620","Salt Lake City, UT","49","Utah","035","Salt Lake","40.736389","-111.872222"
"08/17/2016","490353006","5","4.6","ug/m3 LC","19","1","100.0000","88101","PM2.5 - Local Conditions","41620","Salt Lake City, UT","49","Utah","035","Salt Lake","40.736389","-111.872222"
"08/18/2016","490353006","5","6.9","ug/m3 LC","29","1","100.0000","88101","PM2.5 - Local Conditions","41620","Salt Lake City, UT","49","Utah","035","Salt Lake","40.736389","-111.872222"
"08/19/2016","490353006","5","12","ug/m3 LC","50","1","100.0000","88101","PM2.5 - Local Conditions","41620","Salt Lake City, UT","49","Utah","035","Salt Lake","40.736389","-111.872222"
"08/20/2016","490353006","5","11.2","ug/m3 LC","47","1","100.0000","88101","PM2.5 - Local Conditions","41620","Salt Lake City, UT","49","Utah","035","Salt Lake","40.736389","-111.872222"
"08/21/2016","490353006","5","13.9","ug/m3 LC","55","1","100.0000","88101","PM2.5 - Local Conditions","41620","Salt Lake City, UT","49","Utah","035","Salt Lake","40.736389","-111.872222"
"08/22/2016","490353006","5","7.3","ug/m3 LC","30","1","100.0000","88101","PM2.5 - Local Conditions","41620","Salt Lake City, UT","49","Utah","035","Salt Lake","40.736389","-111.872222"
"08/23/2016","490353006","5","7.2","ug/m3 LC","30","1","100.0000","88101","PM2.5 - Local Conditions","41620","Salt Lake City, UT","49","Utah","035","Salt Lake","40.736389","-111.872222"
"08/24/2016","490353006","5","6.6","ug/m3 LC","28","1","100.0000","88101","PM2.5 - Local Conditions","41620","Salt Lake City, UT","49","Utah","035","Salt Lake","40.736389","-111.872222"
"08/25/2016","490353006","5","10.2","ug/m3 LC","43","1","100.0000","88101","PM2.5 - Local Conditions","41620","Salt Lake City, UT","49","Utah","035","Salt Lake","40.736389","-111.872222"
"08/26/2016","490353006","5","6.5","ug/m3 LC","27","1","100.0000","88101","PM2.5 - Local Conditions","41620","Salt Lake City, UT","49","Utah","035","Salt Lake","40.736389","-111.872222"
"08/27/2016","490353006","5","6.8","ug/m3 LC","28","1","100.0000","88101","PM2.5 - Local Conditions","41620","Salt Lake City, UT","49","Utah","035","Salt Lake","40.736389","-111.872222"
"08/28/2016","490353006","5","4.9","ug/m3 LC","20","1","100.0000","88101","PM2.5 - Local Conditions","41620","Salt Lake City, UT","49","Utah","035","Salt Lake","40.736389","-111.872222"
"08/29/2016","490353006","5","6.1","ug/m3 LC","25","1","100.0000","88101","PM2.5 - Local Conditions","41620","Salt Lake City, UT","49","Utah","035","Salt Lake","40.736389","-111.872222"
"08/30/2016","490353006","5","7.3","ug/m3 LC","30","1","100.0000","88101","PM2.5 - Local Conditions","41620","Salt Lake City, UT","49","Utah","035","Salt Lake","40.736389","-111.872222"
"08/31/2016","490353006","5","5.8","ug/m3 LC","24","1","100.0000","88101","PM2.5 - Local Conditions","41620","Salt Lake City, UT","49","Utah","035","Salt Lake","40.736389","-111.872222"
"09/01/2016","490353006","5","4.4","ug/m3 LC","18","1","100.0000","88101","PM2.5 - Local Conditions","41620","Salt Lake City, UT","49","Utah","035","Salt Lake","40.736389","-111.872222"
"09/02/2016","490353006","5","4.3","ug/m3 LC","18","1","100.0000","88101","PM2.5 - Local Conditions","41620","Salt Lake City, UT","49","Utah","035","Salt Lake","40.736389","-111.872222"
"09/03/2016","490353006","5","8.8","ug/m3 LC","37","1","100.0000","88101","PM2.5 - Local Conditions","41620","Salt Lake City, UT","49","Utah","035","Salt Lake","40.736389","-111.872222"
"09/04/2016","490353006","5","5.1","ug/m3 LC","21","1","100.0000","88101","PM2.5 - Local Conditions","41620","Salt Lake City, UT","49","Utah","035","Salt Lake","40.736389","-111.872222"
"09/05/2016","490353006","5","4.4","ug/m3 LC","18","1","100.0000","88101","PM2.5 - Local Conditions","41620","Salt Lake City, UT","49","Utah","035","Salt Lake","40.736389","-111.872222"
"09/06/2016","490353006","5","6.6","ug/m3 LC","28","1","100.0000","88101","PM2.5 - Local Conditions","41620","Salt Lake City, UT","49","Utah","035","Salt Lake","40.736389","-111.872222"
"09/07/2016","490353006","5","5.4","ug/m3 LC","23","1","100.0000","88101","PM2.5 - Local Conditions","41620","Salt Lake City, UT","49","Utah","035","Salt Lake","40.736389","-111.872222"
"09/08/2016","490353006","5","4.1","ug/m3 LC","17","1","100.0000","88101","PM2.5 - Local Conditions","41620","Salt Lake City, UT","49","Utah","035","Salt Lake","40.736389","-111.872222"
"09/09/2016","490353006","5","4","ug/m3 LC","17","1","100.0000","88101","PM2.5 - Local Conditions","41620","Salt Lake City, UT","49","Utah","035","Salt Lake","40.736389","-111.872222"
"09/10/2016","490353006","5","4.4","ug/m3 LC","18","1","100.0000","88101","PM2.5 - Local Conditions","41620","Salt Lake City, UT","49","Utah","035","Salt Lake","40.736389","-111.872222"
"09/11/2016","490353006","5","5","ug/m3 LC","21","1","100.0000","88101","PM2.5 - Local Conditions","41620","Salt Lake City, UT","49","Utah","035","Salt Lake","40.736389","-111.872222"
"09/12/2016","490353006","5","6.3","ug/m3 LC","26","1","100.0000","88101","PM2.5 - Local Conditions","41620","Salt Lake City, UT","49","Utah","035","Salt Lake","40.736389","-111.872222"
"09/13/2016","490353006","5","5.3","ug/m3 LC","22","1","100.0000","88101","PM2.5 - Local Conditions","41620","Salt Lake City, UT","49","Utah","035","Salt Lake","40.736389","-111.872222"
"09/14/2016","490353006","5","3.8","ug/m3 LC","16","1","100.0000","88101","PM2.5 - Local Conditions","41620","Salt Lake City, UT","49","Utah","035","Salt Lake","40.736389","-111.872222"
"09/15/2016","490353006","5","6.1","ug/m3 LC","25","1","100.0000","88101","PM2.5 - Local Conditions","41620","Salt Lake City, UT","49","Utah","035","Salt Lake","40.736389","-111.872222"
"09/16/2016","490353006","5","7","ug/m3 LC","29","1","100.0000","88101","PM2.5 - Local Conditions","41620","Salt Lake City, UT","49","Utah","035","Salt Lake","40.736389","-111.872222"
"09/17/2016","490353006","5","6.8","ug/m3 LC","28","1","100.0000","88101","PM2.5 - Local Conditions","41620","Salt Lake City, UT","49","Utah","035","Salt Lake","40.736389","-111.872222"
"09/18/2016","490353006","5","4.8","ug/m3 LC","20","1","100.0000","88101","PM2.5 - Local Conditions","41620","Salt Lake City, UT","49","Utah","035","Salt Lake","40.736389","-111.872222"
"09/19/2016","490353006","5","4.3","ug/m3 LC","18","1","100.0000","88101","PM2.5 - Local Conditions","41620","Salt Lake City, UT","49","Utah","035","Salt Lake","40.736389","-111.872222"
"09/20/2016","490353006","5","4.9","ug/m3 LC","20","1","100.0000","88101","PM2.5 - Local Conditions","41620","Salt Lake City, UT","49","Utah","035","Salt Lake","40.736389","-111.872222"
"09/21/2016","490353006","5","7","ug/m3 LC","29","1","100.0000","88101","PM2.5 - Local Conditions","41620","Salt Lake City, UT","49","Utah","035","Salt Lake","40.736389","-111.872222"
"09/22/2016","490353006","5","3.8","ug/m3 LC","16","1","100.0000","88101","PM2.5 - Local Conditions","41620","Salt Lake City, UT","49","Utah","035","Salt Lake","40.736389","-111.872222"
"09/23/2016","490353006","5","2.4","ug/m3 LC","10","1","100.0000","88101","PM2.5 - Local Conditions","41620","Salt Lake City, UT","49","Utah","035","Salt Lake","40.736389","-111.872222"
"09/24/2016","490353006","5","3.5","ug/m3 LC","15","1","100.0000","88101","PM2.5 - Local Conditions","41620","Salt Lake City, UT","49","Utah","035","Salt Lake","40.736389","-111.872222"
"09/25/2016","490353006","5","4.7","ug/m3 LC","20","1","100.0000","88101","PM2.5 - Local Conditions","41620","Salt Lake City, UT","49","Utah","035","Salt Lake","40.736389","-111.872222"
"09/26/2016","490353006","5","7.9","ug/m3 LC","33","1","100.0000","88101","PM2.5 - Local Conditions","41620","Salt Lake City, UT","49","Utah","035","Salt Lake","40.736389","-111.872222"
"09/27/2016","490353006","5","10.9","ug/m3 LC","45","1","100.0000","88101","PM2.5 - Local Conditions","41620","Salt Lake City, UT","49","Utah","035","Salt Lake","40.736389","-111.872222"
"09/28/2016","490353006","5","10.3","ug/m3 LC","43","1","100.0000","88101","PM2.5 - Local Conditions","41620","Salt Lake City, UT","49","Utah","035","Salt Lake","40.736389","-111.872222"
"09/29/2016","490353006","5","4.5","ug/m3 LC","19","1","100.0000","88101","PM2.5 - Local Conditions","41620","Salt Lake City, UT","49","Utah","035","Salt Lake","40.736389","-111.872222"
"09/30/2016","490353006","5","3.3","ug/m3 LC","14","1","100.0000","88101","PM2.5 - Local Conditions","41620","Salt Lake City, UT","49","Utah","035","Salt Lake","40.736389","-111.872222"
